/*******************************************************************************
   Sample Data Insertion
********************************************************************************/

/* User */
insert into user (user_id, password, first_name, last_name, email, company, phone, address1, address2, country, postal, role, is_active, is_blocked, security_provider_id, default_customer_id, secret_question, secret_answer, enable_beta_testing, enable_renewal) values
('user'      , 'user'     , 'Virginia' , 'Reynolds', 'vreynolds0@slashdot.org', 'Rippin, Osinski and Beatty', '84-(228)809-9998', '0118 Burrows Plaza', '496'     , 'USA'        , '94086', 'USER' , 1, 0, 10001, 20000, 'Innovative'    , 'Turquoise', 1, 1),
('admin'     , 'admin'    , 'Theresa'  , 'Russell' , 'trussell1@about.me'     , 'Glover, Adams and Bins', '383-(779)851-3208', '30874 Graceland Terrace', '99152' , 'USA'        , '51065', 'ADMIN', 1, 0, 10001, 20000, 'knowledge base', 'Mauv'   , 1, 0),
('demo'      , 'demo'     , 'Mrinmoy'  , 'Majumdar', 'arivera2@joomla.org'    , 'Abshire Inc', '7-(740)701-4547', '80429 Garrison Crossing', '4967'               , 'USA'        , '64890', 'USER' , 1, 0, 10001, 20000, 'Diverse'       , 'Yellow' , 0, 0),
('jowens3'   , 'jowens3'  , 'Judy'     , 'Owens'   , 'jowens3@hp.com'         , 'Altenwerth, Fisher and Heidenreich', '30-(772)268-8227', '98 Loeprich Way', '447', 'Greece'     , null   , 'USER' , 0, 0, 10001, 20001, 'capacity'      , 'Fuscia' , 1, 1),
('kburns4'   , 'kburns4'  , 'Kelly'    , 'Burns'   , 'kburns4@icio.us'        , 'McCullough-Morar', '86-(857)185-5740', '1638 Basil Alley', '56297'               , 'China'      , null   , 'ADMIN', 1, 0, 10000, 20002, 'user-facing'   , 'Crimson', 1, 1),
('jshaw5'    , 'jshaw5'   , 'Julie'    , 'Shaw'    , 'jshaw5@opera.com'       , 'Steuber-Okuneva', '1-(871)375-6188', '389 Myrtle Pass', '41444'                  , 'Canada'     , null   , 'ADMIN', 1, 1, 10000, 20000, 'software'      , 'Green'  , 0, 1),
('pgilbert6' , 'pgilbert6', 'Peter'    , 'Gilbert' , 'pgilbert6@eepurl.com'   , 'Robel Inc', '52-(372)555-4687', '11522 Fuller Avenue', '5'                       , 'Mexico'     , '39230', 'ADMIN', 1, 1, 10000, 20000, 'multi-state'   , 'Puce'   , 1, 1),
('jjacobs7'  , 'jjacobs7' , 'Justin'   , 'Jacobs'  , 'jjacobs7@google.co.uk'  , 'Harris-Bashirian', '963-(199)359-2552', '95012 Hanover Street', '2377'           , 'Syria'      , null   , 'USER' , 1, 0, 10000, 20002, 'motivating'    , 'Crimson', 1, 0),
('kbennett8' , 'kbennett8', 'Kevin'    , 'Bennett' , 'kbennett8@hostgator.com', 'Leannon Inc', '62-(892)710-5713', '459 Coleman Drive', '397'                     , 'Indonesia'  , null   , 'ADMIN', 0, 0, 10001, 20000, 'Exclusive'     , 'Purple' , 1, 1),
('cmurphy9'  , 'cmurphy9' , 'Chris'    , 'Murphy'  , 'cmurphy9@over-blog.com' , 'Mosciski LLC', '64-(272)961-0086', '2 Ludington Point', '7'                      , 'New Zealand', null   , 'ADMIN', 0, 1, 10000, 20000, 'empowering'    , 'Maroon' , 0, 1);


/* supported platform */
INSERT INTO supported_platform (id, name) VALUES (100 , 'Google Suite');
INSERT INTO supported_platform (id, name) VALUES (101 , 'Dropbox');
INSERT INTO supported_platform (id, name) VALUES (102 , 'Office 365');

/* supported_service*/
INSERT INTO supported_service (id, name, description, supported_platform_id ) VALUES (150 , 'G Mail'        , 'G Mail'       , 100);
INSERT INTO supported_service (id, name, description, supported_platform_id ) VALUES (151 , 'Google Drive'  , 'Google Drive' , 100);
INSERT INTO supported_service (id, name, description, supported_platform_id ) VALUES (152 , 'Dropbox'       , 'Dropbox'      , 101);
INSERT INTO supported_service (id, name, description, supported_platform_id ) VALUES (153 , 'Outlook'       , 'Outlook'      , 102);
INSERT INTO supported_service (id, name, description, supported_platform_id ) VALUES (154 , 'One Drive'     , 'One Drive'    , 102);
INSERT INTO supported_service (id, name, description, supported_platform_id ) VALUES (155 , 'Google Hosting', 'Google App Engine' , 100);

/* Service Category */
INSERT INTO service_category (id, name) VALUES
(200 , 'Identity'),
(201 , 'Email'   ),
(202 , 'Drive'   ),
(203 , 'Network' ),
(204 , 'Endpoint'),
(205 , 'Hosting' );

/* Field Name */
INSERT INTO field (`id`,`name`, `service_category_id`) VALUES
(300 , 'Email Subject'    , 201),
(301 , 'From Address'     , 201),
(302 , 'To Address'       , 201),
(303 , 'Email Body'       , 201),
(304 , 'Header'           , 201),
(305 , 'Attachment'       , 201),
(306 , 'Attachment Count' , 201),
(307 , 'Attachment Size'  , 201),
(308 , 'Attachment Name'  , 201),
(309 , 'Attachment Type'  , 201),
(310 , 'File Name'        , 202),
(311 , 'File Origin'      , 202),
(312 , 'File Size'        , 202),
(313 , 'File Type'        , 202),
(314 , 'File Content'     , 202),
(315 , 'User Name'        , 202),
(316 , 'IP Address'       , 200),
(317 , 'IP Address'       , 202),
(318 , 'IP Address'       , 203),
(319 , 'IP Address'       , 204),
(320 , 'IP Address'       , 205);

/* Operator */
INSERT INTO operator (`id`,`name`, `argument_count`) VALUES
(400 , 'is'           ,1),
(401 , 'contains'     ,1),
(402 , 'regex'        ,1),
(403 , 'starts with'  ,1),
(404 , 'is not'       ,1),
(405 , 'is empty'     ,0),
(406 , 'is_not_empty' ,0),
(407 , 'is more than' ,1),
(408 , 'is less than' ,1),
(409 , 'is between'   ,2),
(410 , 'end with'     ,1);

/* Action */
INSERT INTO action (`id`, `name`, `type`) VALUES
(500 , 'Enable MFA'  , ' '),
(501 , 'Alert'       , ' '),
(502 , 'Email Admin' , ' '),
(503 , 'Delete'      , ' '),
(504 , 'Tokenize'    , ' '),
(505 , 'Block share' , ' '),
(506 , 'Blacklist IP', ' '),
(507 , 'Sandbox'     , ' '),
(508 , 'Quarantine'  , ' '),
(509 , 'Encrypt'     , ' '),
(510 , 'Quarantine Attachments (if any)', ' '),
(511 , 'Sandbox Attachments (if any)'   , ' ');

/* Rule Enforcement Point */
INSERT INTO rule_enforcement_point (`id`, `name`, `service_category_id`) VALUES
(700  , 'Request' , 200),
(701  , 'Incoming', 201),
(702  , 'Outgoing', 201),
(703  , 'Download', 202),
(704  , 'Upload'  , 202),
(705  , 'At Rest' , 202),
(706  , 'Compute Process', 205);

/* Defines set of actions available for each enforcement points */
INSERT INTO rule_enforcement_point_action_association (`rule_enforcement_point_id`, `action_id`) VALUES
(700, 500 ),
(701, 501 ),
(701, 502 ),
(701, 511 ),
(701, 510 ),
(701, 506 ),
(702, 501 ),
(702, 502 ),
(703, 501 ),
(703, 502 ),
(703, 507 ),
(703, 508 ),
(703, 506 ),
(703, 503 ),
(704, 501 ),
(704, 502 ),
(704, 508 ),
(704, 509 ),
(704, 504 ),
(704, 505 ),
(704, 503 ),
(705, 501 ),
(705, 502 ),
(705, 508 ),
(705, 509 ),
(705, 504 ),
(705, 505 ),
(705, 503 ),
(706, 501 ),
(706, 502 ),
(706, 506 );

/* Security Providers */
INSERT INTO security_provider (`id`, `name`,`description`) VALUES
(10000 , 'SonicWALL' , 'SonicWALL'),
(10001 , 'Security Incorporation' , 'Security Incorporation');

/* Customers */
INSERT INTO customer (`id`, `name`,`description`,`customer_code`,`security_provider_id`) VALUES
(20000  , 'Walmart' , 'Walmart', 'wlm' ,10000),
(20001  , 'Safeway' , 'Safeway', 'sfw' ,10001),
(20002  , 'Target'  , 'Target' , 'tgt' ,10000);

/* Managed Platforms */
INSERT INTO managed_platform (`id`, `supported_platform_id`, `customer_id`) VALUES
(30000  , 100  , 20000 ),
(30001  , 101  , 20000 ),
(30002  , 100  , 20000 ),
(30003  , 102  , 20002 ),
(30004  , 101  , 20002 ),
(30005  , 100  , 20001 ),
(30006  , 102  , 20001 );

/* Managed Services */
INSERT INTO managed_service (`id`, `managed_platform_id`, `supported_service_id`) VALUES
(40000  ,  30000 , 150 ),  /*  Walmart: Google Suite , G Mail     */
(40001  ,  30000 , 151 ),  /*  Walmart: Google Suite , G Drive    */
(40002  ,  30001 , 152 ),  /*  Walmart: Dropbox , Dropbox         */
(40003  ,  30003 , 153 ),  /*  Target : Office 365 , Outlook      */
(40004  ,  30003 , 154 ),  /*  Target : Office 365 , One Drive    */
(40005  ,  30004 , 152 ),  /*  Target : Dropbox , Dropbox         */
(40006  ,  30005 , 150 ),  /*  Safeway: Google Suite , G Mail     */
(40007  ,  30006 , 153 ),  /*  Safeway: Office 365 , Outlook      */
(40008  ,  30002 , 155 );  /*  Walmart: Google Suite , App Engine */

/* Policy Types*/
INSERT INTO policy_type (`id`, `name`) VALUES
(200000  , 'PCI Compliance'       ),
(200001  , 'PHI Compliance'       ),
(200002  , 'Payment cards information'       ),
(200003  , 'Personal identifier information' ),
(200004  , 'Sesitive information'            ),
(200005  , 'Questionable user activity'      ),
(200006  , 'Virus or mallware'               ),
(200007  , 'Blacklisted IP'                  ),
(200008  , 'Blacklisted Email Address'       ),
(200009  , 'Likely Spam Email'               ),
(200010  , 'Restricted file type'            ),
(200012  , 'other'                           );

/* Policy */
INSERT INTO policy (`id`, `name`,`description`,`state`, `severity`,`policy_type_id`, `customer_id`, `created`, `updated`,`created_by`,`updated_by`) VALUES
(100000 ,  'PCI Compliance'                  , 'PCI Compliance'                  , 'ACTIVE',  'INFO'    ,200000  , 20000 ,'2017-01-01', '2017-01-01', 'sysuser', 'sysuser' ),
(100001 ,  'PHI Compliance'                  , 'PHI Compliance'                  , 'ACTIVE',  'INFO'    ,200001  , 20000 ,'2017-01-01', '2017-01-01', 'sysuser', 'sysuser' ),
(100002 ,  'Credit Card Number'              , 'Credit Card Number'              , 'ACTIVE',  'CRITICAL',200002  , 20000 ,'2017-01-01', '2017-01-01', 'sysuser', 'sysuser' ),
(100003 ,  'Payment cards information'       , 'Payment cards information'       , 'ACTIVE',  'WARNING' ,200002  , 20000 ,'2017-01-01', '2017-01-01', 'sysuser', 'sysuser' ),
(100004 ,  'Personal identifier information' , 'Personal identifier information' , 'ACTIVE',  'CRITICAL',200003  , 20000 ,'2017-01-01', '2017-01-01', 'sysuser', 'sysuser' ),
(100005 ,  'Virus'                           , 'Virus'                           , 'ACTIVE',  'WARNING' ,200006  , 20000 ,'2017-01-01', '2017-01-01', 'sysuser', 'sysuser' ),
(100006 ,  'Blacklist IP'                    , 'Blacklist IP'                    , 'ACTIVE',  'ALERT'   ,200007  , 20000 ,'2017-01-01', '2017-01-01', 'sysuser', 'sysuser' ),
(100007 ,  'Blocked Email'                   , 'Blocked Email'                   , 'ACTIVE',  'WARNING' ,200008  , 20000 ,'2017-01-01', '2017-01-01', 'sysuser', 'sysuser' ),
(100008 ,  'Spam Email'                      , 'Spam Email'                      , 'ACTIVE',  'ALERT'   ,200009  , 20000 ,'2017-01-01', '2017-01-01', 'sysuser', 'sysuser' ),
(100009 ,  'Company information'             , 'Company information'             , 'ACTIVE',  'CRITICAL',200012  , 20000 ,'2017-01-01', '2017-01-01', 'sysuser', 'sysuser' ),
(100010 ,  'PCI Compliance'                  , 'PCI Compliance'                  , 'ACTIVE',  'INFO'    ,200000  , 20002 ,'2017-01-01', '2017-01-01', 'sysuser', 'sysuser' ),
(100011 ,  'PCI Compliance'                  , 'PCI Compliance'                  , 'ACTIVE',  'INFO'    ,200000  , 20001 ,'2017-01-01', '2017-01-01', 'sysuser', 'sysuser' ),
(100012 ,  'Restricted File Type'            , 'Restricted File Type'            , 'ACTIVE',  'ALERT'   ,200010  , 20000 ,'2017-01-01', '2017-01-01', 'sysuser', 'sysuser' );


/* Rules for each Policy */
/* Try to keep all the rules from same policy to have supported service that belongs to same platform */
INSERT INTO rule (`id`, `name`, `description`, `policy_id`, `managed_service_id`,`rule_enforcement_point_id`,`created`,`updated`,`created_by`,`updated_by`) VALUES
(3000001  ,  'Walmart PCI Rule 1'        , 'Walmart PCI Rule 1'       ,   100000  , 40000 , 701 ,'2017-01-01', '2017-01-01', 'sysuser', 'sysuser' ), /* Incomming */
(3000002  ,  'Walmart PCI Rule 2'        , 'Walmart PCI Rule 2'       ,   100000  , 40001 , 703 ,'2017-01-01', '2017-01-01', 'sysuser', 'sysuser' ), /* Download  */
(3000003  ,  'Walmart PHI Rule 1'        , 'Walmart PHI Rule 1'       ,   100001  , 40001 , 703 ,'2017-01-01', '2017-01-01', 'sysuser', 'sysuser' ), /* Download  */
(3000004  ,  'Walmart PHI Rule 2'        , 'Walmart PHI Rule 2'       ,   100001  , 40000 , 702 ,'2017-01-01', '2017-01-01', 'sysuser', 'sysuser' ), /* Outgoing  */
(3000005  ,  'Walmart Card Info Rule 1'  , 'Walmart Card Info Rule 1' ,   100002  , 40000 , 702 ,'2017-01-01', '2017-01-01', 'sysuser', 'sysuser' ), /* Outgoing  */
(3000006  ,  'Walmart Card Info Rule 2'  , 'Walmart Card Info Rule 2' ,   100002  , 40000 , 702 ,'2017-01-01', '2017-01-01', 'sysuser', 'sysuser' ), /* Outgoing  */
(3000007  ,  'Walmart Card Info Rule 2'  , 'Walmart Card Info Rule 3' ,   100002  , 40001 , 703 ,'2017-01-01', '2017-01-01', 'sysuser', 'sysuser' ), /* Download  */
(3000008  ,  'Walmart Pay Info Rule 1'   , 'Walmart Pay Info Rule 1'  ,   100003  , 40000 , 702 ,'2017-01-01', '2017-01-01', 'sysuser', 'sysuser' ), /* Outgoing  */
(3000009  ,  'Walmart Pay Info Rule 2'   , 'Walmart Pay Info Rule 2'  ,   100003  , 40000 , 702 ,'2017-01-01', '2017-01-01', 'sysuser', 'sysuser' ), /* Outgoing  */
(3000010  ,  'Walmart SSN Info Rule 1'   , 'Walmart SSN Info Rule 1'  ,   100004  , 40000 , 702 ,'2017-01-01', '2017-01-01', 'sysuser', 'sysuser' ), /* Outgoing  */
(3000011  ,  'Walmart SSN Info Rule 2'   , 'Walmart SSN Info Rule 2'  ,   100004  , 40001 , 702 ,'2017-01-01', '2017-01-01', 'sysuser', 'sysuser' ), /* Outgoing  */
(3000012  ,  'Walmart Virus Rule 1'      , 'Walmart Virus Rule 1'     ,   100005  , 40000 , 701 ,'2017-01-01', '2017-01-01', 'sysuser', 'sysuser' ), /* Incomming */
(3000013  ,  'Walmart Virus Rule 2'      , 'Walmart Virus Rule 2'     ,   100005  , 40000 , 701 ,'2017-01-01', '2017-01-01', 'sysuser', 'sysuser' ), /* Incomming */
(3000014  ,  'Walmart Blocked IP Rule 1' , 'Walmart Blocked IP Rule 1',   100006  , 40002 , 701 ,'2017-01-01', '2017-01-01', 'sysuser', 'sysuser' ), /* Incomming  */
(3000015  ,  'Walmart Blocked IP Rule 2' , 'Walmart Blocked IP Rule 2',   100006  , 40002 , 703 ,'2017-01-01', '2017-01-01', 'sysuser', 'sysuser' ), /* Download  */
(3000016  ,  'Walmart Blocked IP Rule 3' , 'Walmart Blocked IP Rule 3',   100006  , 40002 , 706 ,'2017-01-01', '2017-01-01', 'sysuser', 'sysuser' ), /* Compute Process */
(3000017  ,  'Walmart Email Rule 1'      , 'Walmart Email Rule 1'     ,   100007  , 40000 , 701 ,'2017-01-01', '2017-01-01', 'sysuser', 'sysuser' ), /* Incomming */
(3000018  ,  'Walmart Email Rule 2'      , 'Walmart Email Rule 2'     ,   100007  , 40000 , 701 ,'2017-01-01', '2017-01-01', 'sysuser', 'sysuser' ), /* Incomming */
(3000019  ,  'Walmart Email Rule 3'      , 'Walmart Email Rule 3'     ,   100007  , 40000 , 701 ,'2017-01-01', '2017-01-01', 'sysuser', 'sysuser' ), /* Incomming */
(3000020  ,  'Walmart Email Rule 4'      , 'Walmart Email Rule 4'     ,   100007  , 40000 , 701 ,'2017-01-01', '2017-01-01', 'sysuser', 'sysuser' ), /* Incomming */
(3000021  ,  'Walmart Email Rule 5'      , 'Walmart Email Rule 5'     ,   100007  , 40000 , 701 ,'2017-01-01', '2017-01-01', 'sysuser', 'sysuser' ), /* Incomming */
(3000022  ,  'Walmart Email Rule 6'      , 'Walmart Email Rule 6'     ,   100007  , 40000 , 701 ,'2017-01-01', '2017-01-01', 'sysuser', 'sysuser' ), /* Incomming */
(3000023  ,  'Walmart Spam Rule 1'       , 'Walmart Spam Rule 1'      ,   100008  , 40000 , 701 ,'2017-01-01', '2017-01-01', 'sysuser', 'sysuser' ), /* Incomming */
(3000024  ,  'Walmart Spam Rule 2'       , 'Walmart Spam Rule 2'      ,   100008  , 40001 , 701 ,'2017-01-01', '2017-01-01', 'sysuser', 'sysuser' ), /* Incomming */
(3000025  ,  'Walmart Org Info Rule 1'   , 'Walmart Org Info Rule 1'  ,   100009  , 40001 , 702 ,'2017-01-01', '2017-01-01', 'sysuser', 'sysuser' ), /* Outgoing  */
(3000026  ,  'Walmart Org Info Rule 2'   , 'Walmart Org Info Rule 2'  ,   100009  , 40000 , 702 ,'2017-01-01', '2017-01-01', 'sysuser', 'sysuser' ), /* Outgoing  */
(3000027  ,  'Walmart Org Info Rule 3'   , 'Walmart Org Info Rule 3'  ,   100009  , 40001 , 702 ,'2017-01-01', '2017-01-01', 'sysuser', 'sysuser' ), /* Outgoing  */
(3000028  ,  'Target PCI Rule 1'         , 'Target PCI Rule 1'        ,   100010  , 40003 , 701 ,'2017-01-01', '2017-01-01', 'sysuser', 'sysuser' ), /* Incomming */
(3000029  ,  'Target PCI Rule 2'         , 'Target PCI Rule 1'        ,   100010  , 40004 , 703 ,'2017-01-01', '2017-01-01', 'sysuser', 'sysuser' ), /* Download  */
(3000030  ,  'Safeway PCI Rule 1'        , 'Safeway PCI Rule 1'       ,   100011  , 40007 , 701 ,'2017-01-01', '2017-01-01', 'sysuser', 'sysuser' ), /* Incomming */
(3000031  ,  'Safeway PCI Rule 2'        , 'Safeway PCI Rule 2'       ,   100011  , 40007 , 701 ,'2017-01-01', '2017-01-01', 'sysuser', 'sysuser' ), /* Incomming */
(3000032  ,  'Safeway PCI Rule 3'        , 'Safeway PCI Rule 3'       ,   100011  , 40007 , 703 ,'2017-01-01', '2017-01-01', 'sysuser', 'sysuser' ), /* Download  */
(3000033  ,  'Walmart Restricted File Rule1' , 'Walmart Restricted File Rule1',100012  , 40007 , 703 ,'2017-01-01', '2017-01-01', 'sysuser', 'sysuser' ); /* Download  */

/* Conditions for each Rule */
INSERT INTO rule_condition (`id`, `description`, `field_id`,`operator_id`,`value1`,`value2`,`rule_id`) VALUES
(4000001, 'Mail from stop.com'               ,301 , 400 , 'email1@stop.com'      , '', 3000001),
(4000002, 'Downloading Executable'           ,313 , 400 , 'exe'                  , '', 3000002),
(4000003, 'Downloading Large Files'          ,312 , 407 , '1 GB'                 , '', 3000003),
(4000004, 'Sending Attachments'              ,305 , 406 , ''                     , '', 3000004),
(4000005, 'Sending Credit Card Info'         ,303 , 402 , '^9999 9999 9999 9999$', '', 3000005),
(4000006, 'Sending Cretit Card Type'         ,303 , 401 , 'mastercard'           , '', 3000006),
(4000007, 'Downloading Credit Card Number'   ,314 , 402 , '^9999 9999 9999 9999$', '', 3000007),
(4000008, 'Subject contains Pay Info'        ,300 , 402 , '^9999 9999 9999 9999$', '', 3000008),
(4000009, 'Email contains Pay Info'          ,303 , 402 , '^9999 9999 9999 9999$', '', 3000009),
(4000010, 'Subject contains SSN'             ,300 , 402 , '^999 99 9999$'        , '', 3000010),
(4000011, 'Email contains SSN'               ,303 , 402 , '^999 99 9999$'        , '', 3000011),
(4000012, 'Contains .exe in attachment'      ,309 , 400 , '.exe'                 , '', 3000012),
(4000013, 'Contains .dll in attachment'      ,309 , 400 , '.dll'                 , '', 3000013),
(4000014, 'Mail from blocked'                ,301 , 400 , 'abc@blocked.com'      , '', 3000014),
(4000015, 'Downloading from blocked ID'      ,317 , 400 , '1.1.1.1'              , '', 3000015),
(4000016, 'Processing in Blocked IP'         ,320 , 400 , '1.1.1.1'              , '', 3000016),
(4000017, 'Mail from Junk.com'               ,301 , 400 , 'email1@junk.com'      , '', 3000017),
(4000018, 'Mail from ads.com'                ,301 , 400 , 'email1@ads.com'       , '', 3000018),
(4000019, 'Mail from deals.com'              ,301 , 400 , 'email1@deals.com'     , '', 3000019),
(4000020, 'Subject contains:Free'            ,300 , 401 , 'Free'                 , '', 3000020),
(4000021, 'Body contains: Free'              ,303 , 401 , 'Free'                 , '', 3000021),
(4000022, 'Contains .exe in attachment'      ,309 , 400 , '.exe'                 , '', 3000022),
(4000023, 'Mail from spam.com'               ,301 , 400 , 'email1@spam.com'      , '', 3000023),
(4000024, 'Mail from free.com'               ,301 , 400 , 'email1@free.com'      , '', 3000024),
(4000025, 'Contains walmart.pdf in attachment' ,308 , 400 , 'walmart.pdf'        , '', 3000025),
(4000026, 'Email contains walmart id'          ,303 , 400 , 'walmart id'         , '', 3000026),
(4000027, 'Email contains walmart emp'         ,303 , 400 , 'walmart emp'        , '', 3000027),
(4000028, 'Mail from stop.com'               ,301 , 400 , 'email1@junk.com'      , '', 3000028),
(4000029, 'Downloading Executable'           ,313 , 400 , 'exe'                  , '', 3000029),
(4000030, 'Mail from stop.com'               ,301 , 400 , 'email1@stop.com'      , '', 3000030),
(4000031, 'Mail from junk.com'               ,301 , 400 , 'email1@junk.com'      , '', 3000031),
(4000032, 'Downloading Executable'           ,313 , 400 , 'exe'                  , '', 3000032),
(4000033, 'Downloading Executable '          ,313 , 400 , 'exe'                  , '', 3000033);



insert into incident (id, policy_id, event_id, status, owner_name, owner_email, platform_user, details, detected_on) values
(1, 100004, 1000, 'IN_PROGRESS', 'Norma Ramos', 'nramos0@shinystat.com', 'nramos0', null, '2017-01-06'),
(2, 100004, 1001, 'IN_PROGRESS', 'Philip Taylor', 'ptaylor1@aboutads.info', 'ptaylor1', null, '2017-01-09'),
(3, 100006, 1002, 'NEW', 'Barbara Ward', 'bward2@harvard.edu', 'bward2', null, '2017-01-11'),
(4, 100005, 1003, 'NEW', 'Linda Fields', 'lfields3@chicagotribune.com', 'lfields3', null, '2017-01-02'),
(5, 100012, 1004, 'RESOLVED', 'Diana Barnes', 'dbarnes4@parallels.com', 'dbarnes4', null, '2017-01-09'),
(6, 100001, 1005, 'NEW', 'Tina Gonzales', 'tgonzales5@unblog.fr', 'tgonzales5', null, '2017-01-13'),
(7, 100001, 1006, 'RESOLVED', 'Adam Turner', 'aturner6@columbia.edu', 'aturner6', null, '2017-01-03'),
(8, 100008, 1007, 'RESOLVED', 'Bruce Parker', 'bparker7@msn.com', 'bparker7', null, '2017-01-02'),
(9, 100012, 1008, 'DISMISSED', 'James Elliott', 'jelliott8@hatena.ne.jp', 'jelliott8', null, '2017-01-10'),
(10, 100009, 1009, 'NEW', 'Donna Chapman', 'dchapman9@mit.edu', 'dchapman9', null, '2017-01-03'),
(11, 100009, 1010, 'DISMISSED', 'James Hunter', 'jhuntera@hao123.com', 'jhuntera', null, '2017-01-09'),
(12, 100005, 1011, 'RESOLVED', 'Ruby Burns', 'rburnsb@flavors.me', 'rburnsb', null, '2017-01-02'),
(13, 100009, 1012, 'RESOLVED', 'Teresa Smith', 'tsmithc@sogou.com', 'tsmithc', null, '2016-05-24'),
(14, 100005, 1013, 'IN_PROGRESS', 'Matthew Turner', 'mturnerd@salon.com', 'mturnerd', null, '2016-09-06'),
(15, 100010, 1014, 'IN_PROGRESS', 'Sandra Henderson', 'shendersone@japanpost.jp', 'shendersone', null, '2016-12-26'),
(16, 100005, 1015, 'RESOLVED', 'Willie Crawford', 'wcrawfordf@cnn.com', 'wcrawfordf', null, '2017-01-09'),
(17, 100012, 1016, 'NEW', 'Cynthia Rice', 'criceg@umich.edu', 'criceg', null, '2016-08-29'),
(18, 100010, 1017, 'RESOLVED', 'Patrick Graham', 'pgrahamh@yellowbook.com', 'pgrahamh', null, '2016-07-21'),
(19, 100003, 1018, 'IN_PROGRESS', 'Bobby Bennett', 'bbennetti@prlog.org', 'bbennetti', null, '2017-01-03'),
(20, 100008, 1019, 'IN_PROGRESS', 'Donald Wood', 'dwoodj@google.com.hk', 'dwoodj', null, '2017-01-13'),
(21, 100000, 1020, 'DISMISSED', 'Jennifer George', 'jgeorgek@gravatar.com', 'jgeorgek', null, '2016-12-23'),
(22, 100005, 1021, 'NEW', 'Arthur Stone', 'astonel@ted.com', 'astonel', null, '2017-01-03'),
(23, 100008, 1022, 'NEW', 'Albert Cole', 'acolem@ehow.com', 'acolem', null, '2016-04-23'),
(24, 100000, 1023, 'RESOLVED', 'Jose Rivera', 'jriveran@google.fr', 'jriveran', null, '2017-01-13'),
(25, 100008, 1024, 'RESOLVED', 'Lori Mccoy', 'lmccoyo@cargocollective.com', 'lmccoyo', null, '2017-01-13'),
(26, 100000, 1025, 'DISMISSED', 'Charles Young', 'cyoungp@moonfruit.com', 'cyoungp', null, '2016-08-29'),
(27, 100004, 1026, 'IN_PROGRESS', 'Sharon Mitchell', 'smitchellq@moonfruit.com', 'smitchellq', null, '2017-01-07'),
(28, 100011, 1027, 'NEW', 'Kenneth Gardner', 'kgardnerr@alexa.com', 'kgardnerr', null, '2017-01-08'),
(29, 100000, 1028, 'IN_PROGRESS', 'Alan Stevens', 'astevenss@oaic.gov.au', 'astevenss', null, '2017-01-10'),
(30, 100004, 1029, 'NEW', 'Katherine Phillips', 'kphillipst@tiny.cc', 'kphillipst', null, '2017-01-13'),
(31, 100008, 1030, 'DISMISSED', 'Billy Cunningham', 'bcunninghamu@jiathis.com', 'bcunninghamu', null, '2017-01-14'),
(32, 100003, 1031, 'DISMISSED', 'Ruby Richards', 'rrichardsv@deliciousdays.com', 'rrichardsv', null, '2017-01-06'),
(33, 100011, 1032, 'RESOLVED', 'Christine Bryant', 'cbryantw@europa.eu', 'cbryantw', null, '2016-08-15'),
(34, 100001, 1033, 'NEW', 'Ralph Campbell', 'rcampbellx@hostgator.com', 'rcampbellx', null, '2017-01-02'),
(35, 100006, 1034, 'IN_PROGRESS', 'Benjamin Carr', 'bcarry@wunderground.com', 'bcarry', null, '2016-12-16');

insert into incident (id, policy_id, event_id, status, owner_name, owner_email, platform_user, details, detected_on) values
(36, 100011, 1035, 'NEW', 'Roger Hanson', 'rhansonz@wordpress.org', 'rhansonz', null, '2017-01-10'),
(37, 100000, 1036, 'NEW', 'Larry Robertson', 'lrobertson10@theatlantic.com', 'lrobertson10', null, '2017-01-03'),
(38, 100003, 1037, 'DISMISSED', 'Peter Stevens', 'pstevens11@businessinsider.com', 'pstevens11', null, '2016-04-16'),
(39, 100004, 1038, 'DISMISSED', 'Frances Hall', 'fhall12@un.org', 'fhall12', null, '2016-12-09'),
(40, 100009, 1039, 'RESOLVED', 'Michelle Riley', 'mriley13@bbc.co.uk', 'mriley13', null, '2017-01-04'),
(41, 100011, 1040, 'DISMISSED', 'Julia Pierce', 'jpierce14@nasa.gov', 'jpierce14', null, '2017-01-04'),
(42, 100007, 1041, 'DISMISSED', 'Russell Black', 'rblack15@bing.com', 'rblack15', null, '2017-01-13'),
(43, 100012, 1042, 'IN_PROGRESS', 'Patrick Austin', 'paustin16@free.fr', 'paustin16', null, '2016-05-21'),
(44, 100000, 1043, 'NEW', 'Brandon Carr', 'bcarr17@gov.uk', 'bcarr17', null, '2017-01-06'),
(45, 100006, 1044, 'DISMISSED', 'Keith Carter', 'kcarter18@bigcartel.com', 'kcarter18', null, '2016-02-25'),
(46, 100011, 1045, 'IN_PROGRESS', 'Kelly Marshall', 'kmarshall19@squidoo.com', 'kmarshall19', null, '2017-01-06'),
(47, 100011, 1046, 'DISMISSED', 'Paula Green', 'pgreen1a@accuweather.com', 'pgreen1a', null, '2017-01-12'),
(48, 100007, 1047, 'DISMISSED', 'Michelle Brown', 'mbrown1b@hubpages.com', 'mbrown1b', null, '2016-04-21'),
(49, 100001, 1048, 'RESOLVED', 'Nicole Gonzalez', 'ngonzalez1c@tinypic.com', 'ngonzalez1c', null, '2017-01-12'),
(50, 100000, 1049, 'RESOLVED', 'Samuel Evans', 'sevans1d@uol.com.br', 'sevans1d', null, '2017-01-12'),
(51, 100010, 1050, 'DISMISSED', 'Carlos Ward', 'cward1e@engadget.com', 'cward1e', null, '2017-01-05'),
(52, 100003, 1051, 'IN_PROGRESS', 'Adam Jenkins', 'ajenkins1f@ask.com', 'ajenkins1f', null, '2016-06-30'),
(53, 100002, 1052, 'RESOLVED', 'Willie Berry', 'wberry1g@booking.com', 'wberry1g', null, '2017-01-11'),
(54, 100012, 1053, 'IN_PROGRESS', 'Thomas Ryan', 'tryan1h@ihg.com', 'tryan1h', null, '2017-01-12'),
(55, 100004, 1054, 'NEW', 'Christina Jones', 'cjones1i@marketwatch.com', 'cjones1i', null, '2017-01-16'),
(56, 100008, 1055, 'IN_PROGRESS', 'Heather Roberts', 'hroberts1j@oaic.gov.au', 'hroberts1j', null, '2017-01-06'),
(57, 100012, 1056, 'DISMISSED', 'Peter Carpenter', 'pcarpenter1k@europa.eu', 'pcarpenter1k', null, '2016-04-17'),
(58, 100012, 1057, 'NEW', 'Paul Austin', 'paustin1l@hugedomains.com', 'paustin1l', null, '2017-01-13'),
(59, 100009, 1058, 'NEW', 'Deborah Patterson', 'dpatterson1m@sciencedaily.com', 'dpatterson1m', null, '2016-09-10'),
(60, 100008, 1059, 'NEW', 'Judy Rivera', 'jrivera1n@virginia.edu', 'jrivera1n', null, '2017-01-04'),
(61, 100001, 1060, 'DISMISSED', 'Lois Hicks', 'lhicks1o@shinystat.com', 'lhicks1o', null, '2017-01-06'),
(62, 100005, 1061, 'DISMISSED', 'Ann Arnold', 'aarnold1p@cpanel.net', 'aarnold1p', null, '2017-01-16'),
(63, 100005, 1062, 'DISMISSED', 'Rebecca Little', 'rlittle1q@smh.com.au', 'rlittle1q', null, '2016-06-23'),
(64, 100006, 1063, 'RESOLVED', 'Ralph Johnston', 'rjohnston1r@examiner.com', 'rjohnston1r', null, '2016-09-10'),
(65, 100008, 1064, 'NEW', 'Amy Gilbert', 'agilbert1s@icio.us', 'agilbert1s', null, '2017-01-07'),
(66, 100011, 1065, 'RESOLVED', 'Thomas Mccoy', 'tmccoy1t@i2i.jp', 'tmccoy1t', null, '2016-06-28'),
(67, 100011, 1066, 'NEW', 'Charles Peterson', 'cpeterson1u@livejournal.com', 'cpeterson1u', null, '2017-01-04'),
(68, 100005, 1067, 'NEW', 'Christine Mason', 'cmason1v@ftc.gov', 'cmason1v', null, '2017-01-12'),
(69, 100006, 1068, 'RESOLVED', 'Wanda Gordon', 'wgordon1w@sitemeter.com', 'wgordon1w', null, '2016-04-10'),
(70, 100011, 1069, 'DISMISSED', 'Gloria Richardson', 'grichardson1x@i2i.jp', 'grichardson1x', null, '2017-01-06'),
(71, 100000, 1070, 'NEW', 'Martha Perkins', 'mperkins1y@parallels.com', 'mperkins1y', null, '2017-01-10'),
(72, 100008, 1071, 'RESOLVED', 'Helen Hart', 'hhart1z@jimdo.com', 'hhart1z', null, '2017-01-08'),
(73, 100011, 1072, 'DISMISSED', 'Jessica Graham', 'jgraham20@technorati.com', 'jgraham20', null, '2017-01-01'),
(74, 100005, 1073, 'IN_PROGRESS', 'Emily Parker', 'eparker21@slideshare.net', 'eparker21', null, '2017-01-16'),
(75, 100010, 1074, 'NEW', 'Edward Mendoza', 'emendoza22@com.com', 'emendoza22', null, '2017-01-15'),
(76, 100011, 1075, 'DISMISSED', 'Lisa Gonzales', 'lgonzales23@pen.io', 'lgonzales23', null, '2017-01-15'),
(77, 100000, 1076, 'RESOLVED', 'Martha Murray', 'mmurray24@ask.com', 'mmurray24', null, '2016-06-27'),
(78, 100006, 1077, 'RESOLVED', 'Frances Elliott', 'felliott25@marriott.com', 'felliott25', null, '2016-09-14'),
(79, 100007, 1078, 'IN_PROGRESS', 'Linda Robertson', 'lrobertson26@opera.com', 'lrobertson26', null, '2017-01-09'),
(80, 100007, 1079, 'NEW', 'Albert Carter', 'acarter27@netvibes.com', 'acarter27', null, '2017-01-10'),
(81, 100006, 1080, 'IN_PROGRESS', 'Denise Shaw', 'dshaw28@canalblog.com', 'dshaw28', null, '2017-01-08'),
(82, 100011, 1081, 'NEW', 'Judy Reid', 'jreid29@mashable.com', 'jreid29', null, '2016-03-08');

insert into incident (id, policy_id, event_id, status, owner_name, owner_email, platform_user, details, detected_on) values
(83, 100006, 1082, 'DISMISSED', 'Maria Phillips', 'mphillips2a@oaic.gov.au', 'mphillips2a', null, '2016-02-14'),
(84, 100010, 1083, 'IN_PROGRESS', 'Anna Moreno', 'amoreno2b@un.org', 'amoreno2b', null, '2017-01-11'),
(85, 100000, 1084, 'IN_PROGRESS', 'Kathleen Davis', 'kdavis2c@wufoo.com', 'kdavis2c', null, '2017-01-09'),
(86, 100007, 1085, 'IN_PROGRESS', 'Ann West', 'awest2d@eventbrite.com', 'awest2d', null, '2017-01-08'),
(87, 100008, 1086, 'RESOLVED', 'Roger Walker', 'rwalker2e@elpais.com', 'rwalker2e', null, '2017-01-12'),
(88, 100002, 1087, 'IN_PROGRESS', 'Raymond Ramos', 'rramos2f@washington.edu', 'rramos2f', null, '2017-01-01'),
(89, 100011, 1088, 'DISMISSED', 'Jeremy Collins', 'jcollins2g@hud.gov', 'jcollins2g', null, '2017-01-07'),
(90, 100002, 1089, 'NEW', 'Mary Coleman', 'mcoleman2h@guardian.co.uk', 'mcoleman2h', null, '2017-01-06'),
(91, 100007, 1090, 'IN_PROGRESS', 'Christopher Snyder', 'csnyder2i@tiny.cc', 'csnyder2i', null, '2016-10-02'),
(92, 100005, 1091, 'RESOLVED', 'Larry Hunt', 'lhunt2j@wunderground.com', 'lhunt2j', null, '2017-01-12'),
(93, 100005, 1092, 'NEW', 'Phyllis Larson', 'plarson2k@booking.com', 'plarson2k', null, '2017-01-10'),
(94, 100006, 1093, 'RESOLVED', 'Diana Allen', 'dallen2l@slashdot.org', 'dallen2l', null, '2016-05-23'),
(95, 100008, 1094, 'RESOLVED', 'Alan Davis', 'adavis2m@economist.com', 'adavis2m', null, '2017-01-05'),
(96, 100007, 1095, 'DISMISSED', 'Ernest Shaw', 'eshaw2n@mac.com', 'eshaw2n', null, '2016-07-28'),
(97, 100007, 1096, 'RESOLVED', 'George Foster', 'gfoster2o@deviantart.com', 'gfoster2o', null, '2017-01-09'),
(98, 100008, 1097, 'RESOLVED', 'Jean Watkins', 'jwatkins2p@census.gov', 'jwatkins2p', null, '2017-01-08'),
(99, 100007, 1098, 'RESOLVED', 'Evelyn Clark', 'eclark2q@census.gov', 'eclark2q', null, '2017-01-09'),
(100, 100009, 1099, 'DISMISSED', 'Marie Wells', 'mwells2r@homestead.com', 'mwells2r', null, '2017-01-03'),
(101, 100004, 1100, 'DISMISSED', 'Betty West', 'bwest2s@desdev.cn', 'bwest2s', null, '2017-01-16'),
(102, 100000, 1101, 'RESOLVED', 'Gregory Thompson', 'gthompson2t@xrea.com', 'gthompson2t', null, '2017-01-08'),
(103, 100009, 1102, 'DISMISSED', 'Anna Carpenter', 'acarpenter2u@ebay.com', 'acarpenter2u', null, '2016-07-21'),
(104, 100007, 1103, 'NEW', 'Adam Hudson', 'ahudson2v@state.gov', 'ahudson2v', null, '2017-01-12'),
(105, 100005, 1104, 'RESOLVED', 'Steven Weaver', 'sweaver2w@simplemachines.org', 'sweaver2w', null, '2017-01-13'),
(106, 100012, 1105, 'DISMISSED', 'Douglas Frazier', 'dfrazier2x@hao123.com', 'dfrazier2x', null, '2017-01-12'),
(107, 100003, 1106, 'NEW', 'Earl Franklin', 'efranklin2y@free.fr', 'efranklin2y', null, '2017-01-03'),
(108, 100001, 1107, 'IN_PROGRESS', 'Ann Walker', 'awalker2z@stanford.edu', 'awalker2z', null, '2017-01-02'),
(109, 100002, 1108, 'RESOLVED', 'Samuel Gonzales', 'sgonzales30@friendfeed.com', 'sgonzales30', null, '2016-05-25'),
(110, 100010, 1109, 'IN_PROGRESS', 'Rose Graham', 'rgraham31@ihg.com', 'rgraham31', null, '2017-01-05'),
(111, 100003, 1110, 'NEW', 'Mark Sullivan', 'msullivan32@studiopress.com', 'msullivan32', null, '2017-01-06'),
(112, 100011, 1111, 'RESOLVED', 'Jane Lewis', 'jlewis33@multiply.com', 'jlewis33', null, '2017-01-13'),
(113, 100002, 1112, 'IN_PROGRESS', 'Jean Morgan', 'jmorgan34@storify.com', 'jmorgan34', null, '2017-01-06'),
(114, 100000, 1113, 'NEW', 'Roy Long', 'rlong35@gizmodo.com', 'rlong35', null, '2017-01-01');

insert into incident (id, policy_id, event_id, status, owner_name, owner_email, platform_user, details, detected_on) values
(115, 100012, 1114, 'RESOLVED', 'Shirley Bailey', 'sbailey36@irs.gov', 'sbailey36', null, '2017-01-09'),
(116, 100006, 1115, 'DISMISSED', 'Philip Reynolds', 'preynolds37@bing.com', 'preynolds37', null, '2016-06-24'),
(117, 100008, 1116, 'IN_PROGRESS', 'Alan Coleman', 'acoleman38@naver.com', 'acoleman38', null, '2017-01-09'),
(118, 100004, 1117, 'RESOLVED', 'Juan Banks', 'jbanks39@stumbleupon.com', 'jbanks39', null, '2017-01-10'),
(119, 100009, 1118, 'RESOLVED', 'Rose Taylor', 'rtaylor3a@intel.com', 'rtaylor3a', null, '2017-01-03'),
(120, 100008, 1119, 'IN_PROGRESS', 'Tina Foster', 'tfoster3b@newsvine.com', 'tfoster3b', null, '2017-01-09'),
(121, 100007, 1120, 'IN_PROGRESS', 'Margaret Baker', 'mbaker3c@cnn.com', 'mbaker3c', null, '2016-12-26'),
(122, 100012, 1121, 'NEW', 'Ruby Daniels', 'rdaniels3d@constantcontact.com', 'rdaniels3d', null, '2017-01-03'),
(123, 100002, 1122, 'RESOLVED', 'Catherine Fisher', 'cfisher3e@sphinn.com', 'cfisher3e', null, '2017-01-12'),
(124, 100000, 1123, 'NEW', 'Jeremy Gonzalez', 'jgonzalez3f@w3.org', 'jgonzalez3f', null, '2017-01-15'),
(125, 100003, 1124, 'IN_PROGRESS', 'Todd Green', 'tgreen3g@desdev.cn', 'tgreen3g', null, '2017-01-04'),
(126, 100003, 1125, 'NEW', 'Steve Hunt', 'shunt3h@samsung.com', 'shunt3h', null, '2016-02-18'),
(127, 100012, 1126, 'IN_PROGRESS', 'Bobby Davis', 'bdavis3i@nationalgeographic.com', 'bdavis3i', null, '2017-01-09'),
(128, 100001, 1127, 'NEW', 'Pamela Gardner', 'pgardner3j@purevolume.com', 'pgardner3j', null, '2016-08-26'),
(129, 100003, 1128, 'NEW', 'Joseph Bowman', 'jbowman3k@xing.com', 'jbowman3k', null, '2017-01-16'),
(130, 100003, 1129, 'RESOLVED', 'Timothy Turner', 'tturner3l@jugem.jp', 'tturner3l', null, '2016-05-23'),
(131, 100004, 1130, 'DISMISSED', 'Albert Knight', 'aknight3m@google.com.br', 'aknight3m', null, '2017-01-11'),
(132, 100012, 1131, 'IN_PROGRESS', 'James Rose', 'jrose3n@who.int', 'jrose3n', null, '2016-09-10'),
(133, 100005, 1132, 'RESOLVED', 'Kevin Rivera', 'krivera3o@cbslocal.com', 'krivera3o', null, '2017-01-08'),
(134, 100005, 1133, 'DISMISSED', 'Peter Long', 'plong3p@sogou.com', 'plong3p', null, '2017-01-13'),
(135, 100004, 1134, 'IN_PROGRESS', 'Stephen Mason', 'smason3q@soup.io', 'smason3q', null, '2017-01-05');

insert into incident (id, policy_id, event_id, status, owner_name, owner_email, platform_user, details, detected_on) values
(136, 100000, 1135, 'RESOLVED', 'Ruby Rogers', 'rrogers3r@seesaa.net', 'rrogers3r', null, '2016-03-08'),
(137, 100004, 1136, 'NEW', 'Larry Bell', 'lbell3s@whitehouse.gov', 'lbell3s', null, '2016-09-11'),
(138, 100000, 1137, 'IN_PROGRESS', 'Antonio Bowman', 'abowman3t@ezinearticles.com', 'abowman3t', null, '2017-01-06'),
(139, 100009, 1138, 'NEW', 'Mary West', 'mwest3u@ehow.com', 'mwest3u', null, '2016-03-09'),
(140, 100003, 1139, 'NEW', 'Albert Torres', 'atorres3v@vistaprint.com', 'atorres3v', null, '2017-01-05'),
(141, 100009, 1140, 'DISMISSED', 'Jessica Jordan', 'jjordan3w@purevolume.com', 'jjordan3w', null, '2017-01-02'),
(142, 100005, 1141, 'RESOLVED', 'Mildred Pierce', 'mpierce3x@github.io', 'mpierce3x', null, '2017-01-07'),
(143, 100006, 1142, 'DISMISSED', 'Kimberly Long', 'klong3y@geocities.com', 'klong3y', null, '2017-01-13'),
(144, 100001, 1143, 'DISMISSED', 'Sandra Ruiz', 'sruiz3z@surveymonkey.com', 'sruiz3z', null, '2017-01-12'),
(145, 100004, 1144, 'RESOLVED', 'Ann Rice', 'arice40@google.es', 'arice40', null, '2017-01-12'),
(146, 100004, 1145, 'RESOLVED', 'Raymond Armstrong', 'rarmstrong41@google.ru', 'rarmstrong41', null, '2017-01-09'),
(147, 100012, 1146, 'RESOLVED', 'Sharon Ruiz', 'sruiz42@ifeng.com', 'sruiz42', null, '2017-01-04'),
(148, 100011, 1147, 'NEW', 'Lillian Reid', 'lreid43@yelp.com', 'lreid43', null, '2017-01-16'),
(149, 100006, 1148, 'IN_PROGRESS', 'Wayne Freeman', 'wfreeman44@cbslocal.com', 'wfreeman44', null, '2016-04-16'),
(150, 100002, 1149, 'IN_PROGRESS', 'Evelyn Gibson', 'egibson45@weebly.com', 'egibson45', null, '2016-04-17'),
(151, 100012, 1150, 'IN_PROGRESS', 'Peter Greene', 'pgreene46@businessweek.com', 'pgreene46', null, '2017-01-05'),
(152, 100012, 1151, 'DISMISSED', 'Albert Frazier', 'afrazier47@google.co.jp', 'afrazier47', null, '2017-01-12'),
(153, 100009, 1152, 'IN_PROGRESS', 'Michelle Burton', 'mburton48@hugedomains.com', 'mburton48', null, '2017-01-16'),
(154, 100008, 1153, 'NEW', 'Janet Olson', 'jolson49@wsj.com', 'jolson49', null, '2017-01-12'),
(155, 100012, 1154, 'IN_PROGRESS', 'Douglas Arnold', 'darnold4a@goo.ne.jp', 'darnold4a', null, '2016-12-22'),
(156, 100002, 1155, 'IN_PROGRESS', 'Matthew Dunn', 'mdunn4b@shop-pro.jp', 'mdunn4b', null, '2017-01-03'),
(157, 100002, 1156, 'NEW', 'Johnny Lane', 'jlane4c@nsw.gov.au', 'jlane4c', null, '2017-01-09'),
(158, 100012, 1157, 'DISMISSED', 'Anne Morgan', 'amorgan4d@usa.gov', 'amorgan4d', null, '2017-01-15'),
(159, 100004, 1158, 'DISMISSED', 'Theresa Ryan', 'tryan4e@hao123.com', 'tryan4e', null, '2017-01-16'),
(160, 100009, 1159, 'NEW', 'Robert Washington', 'rwashington4f@senate.gov', 'rwashington4f', null, '2017-01-05'),
(161, 100008, 1160, 'IN_PROGRESS', 'Philip Ward', 'pward4g@alexa.com', 'pward4g', null, '2017-01-03'),
(162, 100010, 1161, 'IN_PROGRESS', 'Christina Oliver', 'coliver4h@people.com.cn', 'coliver4h', null, '2016-09-17'),
(163, 100000, 1162, 'IN_PROGRESS', 'Ann Nichols', 'anichols4i@toplist.cz', 'anichols4i', null, '2016-10-04'),
(164, 100001, 1163, 'RESOLVED', 'Anthony Welch', 'awelch4j@hubpages.com', 'awelch4j', null, '2017-01-16'),
(165, 100003, 1164, 'RESOLVED', 'Harold Freeman', 'hfreeman4k@mac.com', 'hfreeman4k', null, '2017-01-05'),
(166, 100011, 1165, 'RESOLVED', 'Richard Boyd', 'rboyd4l@statcounter.com', 'rboyd4l', null, '2016-08-31'),
(167, 100010, 1166, 'DISMISSED', 'Craig Rivera', 'crivera4m@baidu.com', 'crivera4m', null, '2017-01-04');

insert into incident (id, policy_id, event_id, status, owner_name, owner_email, platform_user, details, detected_on) values
(168, 100011, 1167, 'IN_PROGRESS', 'Willie Taylor', 'wtaylor4n@nature.com', 'wtaylor4n', null, '2016-08-25'),
(169, 100010, 1168, 'IN_PROGRESS', 'Raymond Washington', 'rwashington4o@51.la', 'rwashington4o', null, '2017-01-03'),
(170, 100011, 1169, 'DISMISSED', 'Irene Torres', 'itorres4p@last.fm', 'itorres4p', null, '2017-01-13'),
(171, 100008, 1170, 'IN_PROGRESS', 'Jack Williams', 'jwilliams4q@yahoo.co.jp', 'jwilliams4q', null, '2017-01-08'),
(172, 100006, 1171, 'IN_PROGRESS', 'Christina Burke', 'cburke4r@fc2.com', 'cburke4r', null, '2017-01-13'),
(173, 100001, 1172, 'DISMISSED', 'Russell Taylor', 'rtaylor4s@xing.com', 'rtaylor4s', null, '2016-12-18'),
(174, 100002, 1173, 'IN_PROGRESS', 'Harry Nelson', 'hnelson4t@woothemes.com', 'hnelson4t', null, '2017-01-16'),
(175, 100011, 1174, 'IN_PROGRESS', 'Rebecca Patterson', 'rpatterson4u@aol.com', 'rpatterson4u', null, '2017-01-09'),
(176, 100011, 1175, 'NEW', 'Randy Morrison', 'rmorrison4v@weather.com', 'rmorrison4v', null, '2017-01-05'),
(177, 100002, 1176, 'NEW', 'Tammy Bailey', 'tbailey4w@bbb.org', 'tbailey4w', null, '2017-01-03'),
(178, 100009, 1177, 'IN_PROGRESS', 'Sarah Alvarez', 'salvarez4x@parallels.com', 'salvarez4x', null, '2017-01-10'),
(179, 100002, 1178, 'DISMISSED', 'Robert Brown', 'rbrown4y@irs.gov', 'rbrown4y', null, '2016-12-23'),
(180, 100003, 1179, 'RESOLVED', 'Norma Cooper', 'ncooper4z@businessinsider.com', 'ncooper4z', null, '2017-01-10'),
(181, 100011, 1180, 'RESOLVED', 'Anthony Gardner', 'agardner50@hc360.com', 'agardner50', null, '2016-08-26'),
(182, 100007, 1181, 'IN_PROGRESS', 'Anna Washington', 'awashington51@linkedin.com', 'awashington51', null, '2016-08-30'),
(183, 100005, 1182, 'IN_PROGRESS', 'Ashley Torres', 'atorres52@cmu.edu', 'atorres52', null, '2017-01-10'),
(184, 100002, 1183, 'NEW', 'Craig Johnston', 'cjohnston53@g.co', 'cjohnston53', null, '2016-08-16'),
(185, 100000, 1184, 'RESOLVED', 'Kathy Martinez', 'kmartinez54@youku.com', 'kmartinez54', null, '2017-01-02');

insert into incident (id, policy_id, event_id, status, owner_name, owner_email, platform_user, details, detected_on) values
(186, 100012, 1185, 'NEW', 'Richard Powell', 'rpowell55@unicef.org', 'rpowell55', null, '2017-01-07'),
(187, 100002, 1186, 'NEW', 'Maria Ramos', 'mramos56@statcounter.com', 'mramos56', null, '2017-01-08'),
(188, 100009, 1187, 'DISMISSED', 'Amanda Anderson', 'aanderson57@51.la', 'aanderson57', null, '2017-01-01'),
(189, 100007, 1188, 'RESOLVED', 'Andrea Sanchez', 'asanchez58@hubpages.com', 'asanchez58', null, '2017-01-01'),
(190, 100009, 1189, 'RESOLVED', 'Joyce Hanson', 'jhanson59@issuu.com', 'jhanson59', null, '2017-01-06'),
(191, 100012, 1190, 'DISMISSED', 'Judy Peterson', 'jpeterson5a@bandcamp.com', 'jpeterson5a', null, '2016-02-21'),
(192, 100000, 1191, 'DISMISSED', 'Gregory Jenkins', 'gjenkins5b@uiuc.edu', 'gjenkins5b', null, '2017-01-09'),
(193, 100005, 1192, 'RESOLVED', 'Helen Harper', 'hharper5c@chicagotribune.com', 'hharper5c', null, '2016-06-22'),
(194, 100004, 1193, 'DISMISSED', 'Ruby Bell', 'rbell5d@privacy.gov.au', 'rbell5d', null, '2017-01-10'),
(195, 100006, 1194, 'DISMISSED', 'Tina Hunt', 'thunt5e@topsy.com', 'thunt5e', null, '2017-01-03'),
(196, 100004, 1195, 'IN_PROGRESS', 'Lori Rivera', 'lrivera5f@amazon.com', 'lrivera5f', null, '2017-01-13'),
(197, 100003, 1196, 'NEW', 'Kimberly Cole', 'kcole5g@webs.com', 'kcole5g', null, '2017-01-11'),
(198, 100008, 1197, 'IN_PROGRESS', 'Sharon Nichols', 'snichols5h@businessweek.com', 'snichols5h', null, '2017-01-05'),
(199, 100006, 1198, 'DISMISSED', 'Sara Hall', 'shall5i@va.gov', 'shall5i', null, '2016-12-22'),
(200, 100001, 1199, 'RESOLVED', 'Phillip Butler', 'pbutler5j@joomla.org', 'pbutler5j', null, '2017-01-04'),
(201, 100002, 1200, 'RESOLVED', 'Wanda Gardner', 'wgardner5k@globo.com', 'wgardner5k', null, '2017-01-13'),
(202, 100010, 1201, 'RESOLVED', 'Adam Harvey', 'aharvey5l@dell.com', 'aharvey5l', null, '2016-04-21'),
(203, 100012, 1202, 'IN_PROGRESS', 'Elizabeth Sims', 'esims5m@360.cn', 'esims5m', null, '2017-01-02');

insert into incident (id, policy_id, event_id, status, owner_name, owner_email, platform_user, details, detected_on) values
(204, 100007, 1203, 'IN_PROGRESS', 'Andrew Hawkins', 'ahawkins5n@reference.com', 'ahawkins5n', null, '2016-09-11'),
(205, 100004, 1204, 'IN_PROGRESS', 'Tammy Mcdonald', 'tmcdonald5o@networkadvertising.org', 'tmcdonald5o', null, '2017-01-09'),
(206, 100004, 1205, 'DISMISSED', 'Carl Russell', 'crussell5p@flickr.com', 'crussell5p', null, '2017-01-10'),
(207, 100006, 1206, 'RESOLVED', 'Anne Cook', 'acook5q@parallels.com', 'acook5q', null, '2017-01-02'),
(208, 100011, 1207, 'RESOLVED', 'Jonathan Wood', 'jwood5r@oakley.com', 'jwood5r', null, '2016-09-12'),
(209, 100007, 1208, 'DISMISSED', 'Nancy Howell', 'nhowell5s@wired.com', 'nhowell5s', null, '2017-01-06'),
(210, 100002, 1209, 'DISMISSED', 'Philip Riley', 'priley5t@google.ru', 'priley5t', null, '2017-01-03'),
(211, 100008, 1210, 'NEW', 'Judith Bell', 'jbell5u@cdbaby.com', 'jbell5u', null, '2017-01-11'),
(212, 100012, 1211, 'NEW', 'Benjamin Gray', 'bgray5v@hc360.com', 'bgray5v', null, '2017-01-13'),
(213, 100009, 1212, 'DISMISSED', 'Diana Henry', 'dhenry5w@behance.net', 'dhenry5w', null, '2017-01-14'),
(214, 100000, 1213, 'NEW', 'Ernest Hernandez', 'ehernandez5x@ow.ly', 'ehernandez5x', null, '2017-01-12'),
(215, 100008, 1214, 'DISMISSED', 'Thomas Fuller', 'tfuller5y@princeton.edu', 'tfuller5y', null, '2016-06-22'),
(216, 100007, 1215, 'NEW', 'Daniel Miller', 'dmiller5z@issuu.com', 'dmiller5z', null, '2017-01-11'),
(217, 100003, 1216, 'IN_PROGRESS', 'Harry Holmes', 'hholmes60@tamu.edu', 'hholmes60', null, '2017-01-11'),
(218, 100010, 1217, 'DISMISSED', 'Kathy Fowler', 'kfowler61@illinois.edu', 'kfowler61', null, '2017-01-08'),
(219, 100009, 1218, 'DISMISSED', 'Janet Turner', 'jturner62@artisteer.com', 'jturner62', null, '2017-01-01'),
(220, 100002, 1219, 'DISMISSED', 'Joan Cox', 'jcox63@blogtalkradio.com', 'jcox63', null, '2017-01-11'),
(221, 100011, 1220, 'RESOLVED', 'Linda Mcdonald', 'lmcdonald64@webeden.co.uk', 'lmcdonald64', null, '2017-01-09'),
(222, 100006, 1221, 'RESOLVED', 'Lori Palmer', 'lpalmer65@linkedin.com', 'lpalmer65', null, '2016-06-28'),
(223, 100006, 1222, 'IN_PROGRESS', 'Diana Ferguson', 'dferguson66@microsoft.com', 'dferguson66', null, '2016-07-28'),
(224, 100007, 1223, 'RESOLVED', 'Barbara Powell', 'bpowell67@123-reg.co.uk', 'bpowell67', null, '2017-01-01'),
(225, 100012, 1224, 'IN_PROGRESS', 'Lori Peterson', 'lpeterson68@vistaprint.com', 'lpeterson68', null, '2016-04-28'),
(226, 100004, 1225, 'NEW', 'Gerald Willis', 'gwillis69@yolasite.com', 'gwillis69', null, '2017-01-02'),
(227, 100002, 1226, 'RESOLVED', 'Wayne Boyd', 'wboyd6a@usnews.com', 'wboyd6a', null, '2017-01-03');

insert into incident (id, policy_id, event_id, status, owner_name, owner_email, platform_user, details, detected_on) values
(228, 100005, 1227, 'IN_PROGRESS', 'Walter Barnes', 'wbarnes6b@squidoo.com', 'wbarnes6b', null, '2017-01-09'),
(229, 100000, 1228, 'DISMISSED', 'Mark Lewis', 'mlewis6c@mac.com', 'mlewis6c', null, '2017-01-10'),
(230, 100009, 1229, 'IN_PROGRESS', 'Rachel Frazier', 'rfrazier6d@dmoz.org', 'rfrazier6d', null, '2017-01-03'),
(231, 100012, 1230, 'DISMISSED', 'James Cook', 'jcook6e@123-reg.co.uk', 'jcook6e', null, '2016-09-13'),
(232, 100008, 1231, 'RESOLVED', 'Pamela Flores', 'pflores6f@simplemachines.org', 'pflores6f', null, '2016-02-19'),
(233, 100007, 1232, 'RESOLVED', 'Phillip Lawson', 'plawson6g@spiegel.de', 'plawson6g', null, '2017-01-06'),
(234, 100000, 1233, 'NEW', 'Teresa Austin', 'taustin6h@cloudflare.com', 'taustin6h', null, '2017-01-10'),
(235, 100012, 1234, 'NEW', 'Jerry Dunn', 'jdunn6i@acquirethisname.com', 'jdunn6i', null, '2017-01-07'),
(236, 100002, 1235, 'RESOLVED', 'Matthew Hanson', 'mhanson6j@pagesperso-orange.fr', 'mhanson6j', null, '2017-01-10'),
(237, 100007, 1236, 'DISMISSED', 'Clarence Stone', 'cstone6k@yolasite.com', 'cstone6k', null, '2017-01-05'),
(238, 100011, 1237, 'IN_PROGRESS', 'Jeffrey Bennett', 'jbennett6l@about.com', 'jbennett6l', null, '2017-01-13'),
(239, 100010, 1238, 'IN_PROGRESS', 'Mildred Gibson', 'mgibson6m@globo.com', 'mgibson6m', null, '2017-01-10'),
(240, 100012, 1239, 'DISMISSED', 'Keith Williams', 'kwilliams6n@vkontakte.ru', 'kwilliams6n', null, '2017-01-06'),
(241, 100010, 1240, 'RESOLVED', 'Martin Spencer', 'mspencer6o@theatlantic.com', 'mspencer6o', null, '2017-01-09'),
(242, 100008, 1241, 'NEW', 'Wanda Martinez', 'wmartinez6p@newsvine.com', 'wmartinez6p', null, '2017-01-09'),
(243, 100001, 1242, 'IN_PROGRESS', 'Ronald Mccoy', 'rmccoy6q@hc360.com', 'rmccoy6q', null, '2016-10-04'),
(244, 100011, 1243, 'DISMISSED', 'Willie Long', 'wlong6r@tripod.com', 'wlong6r', null, '2017-01-10'),
(245, 100009, 1244, 'DISMISSED', 'Frank Mason', 'fmason6s@samsung.com', 'fmason6s', null, '2017-01-06'),
(246, 100011, 1245, 'DISMISSED', 'Ashley Brown', 'abrown6t@noaa.gov', 'abrown6t', null, '2016-06-23'),
(247, 100010, 1246, 'DISMISSED', 'Robin Simpson', 'rsimpson6u@t.co', 'rsimpson6u', null, '2016-06-25'),
(248, 100008, 1247, 'IN_PROGRESS', 'Fred Brooks', 'fbrooks6v@noaa.gov', 'fbrooks6v', null, '2017-01-03'),
(249, 100004, 1248, 'DISMISSED', 'Norma Long', 'nlong6w@vimeo.com', 'nlong6w', null, '2017-01-09'),
(250, 100010, 1249, 'IN_PROGRESS', 'Cynthia Thompson', 'cthompson6x@networkadvertising.org', 'cthompson6x', null, '2017-01-11'),
(251, 100004, 1250, 'RESOLVED', 'Sarah Ortiz', 'sortiz6y@bizjournals.com', 'sortiz6y', null, '2017-01-01'),
(252, 100011, 1251, 'RESOLVED', 'Albert Butler', 'abutler6z@seattletimes.com', 'abutler6z', null, '2017-01-10'),
(253, 100002, 1252, 'NEW', 'Bonnie Robinson', 'brobinson70@spiegel.de', 'brobinson70', null, '2017-01-09'),
(254, 100011, 1253, 'RESOLVED', 'Beverly Clark', 'bclark71@i2i.jp', 'bclark71', null, '2017-01-12'),
(255, 100003, 1254, 'NEW', 'Gerald Ramirez', 'gramirez72@miitbeian.gov.cn', 'gramirez72', null, '2017-01-10'),
(256, 100005, 1255, 'NEW', 'Ralph Garza', 'rgarza73@dyndns.org', 'rgarza73', null, '2017-01-16'),
(257, 100006, 1256, 'RESOLVED', 'Adam Williams', 'awilliams74@usda.gov', 'awilliams74', null, '2016-08-29'),
(258, 100004, 1257, 'NEW', 'Stephanie Lynch', 'slynch75@163.com', 'slynch75', null, '2016-07-28');

insert into incident (id, policy_id, event_id, status, owner_name, owner_email, platform_user, details, detected_on) values
(259, 100012, 1258, 'NEW', 'Roger Nelson', 'rnelson76@apache.org', 'rnelson76', null, '2016-12-27'),
(260, 100011, 1259, 'RESOLVED', 'Janice Moore', 'jmoore77@about.me', 'jmoore77', null, '2017-01-02'),
(261, 100008, 1260, 'RESOLVED', 'Howard Miller', 'hmiller78@loc.gov', 'hmiller78', null, '2016-10-31'),
(262, 100008, 1261, 'RESOLVED', 'Cheryl Perkins', 'cperkins79@goo.gl', 'cperkins79', null, '2017-01-02'),
(263, 100008, 1262, 'IN_PROGRESS', 'Michael Wallace', 'mwallace7a@xrea.com', 'mwallace7a', null, '2017-01-16'),
(264, 100003, 1263, 'NEW', 'John Grant', 'jgrant7b@oakley.com', 'jgrant7b', null, '2016-06-25'),
(265, 100010, 1264, 'RESOLVED', 'Cheryl Schmidt', 'cschmidt7c@dion.ne.jp', 'cschmidt7c', null, '2017-01-13'),
(266, 100007, 1265, 'NEW', 'Catherine Wallace', 'cwallace7d@virginia.edu', 'cwallace7d', null, '2017-01-07'),
(267, 100012, 1266, 'NEW', 'Margaret Johnson', 'mjohnson7e@narod.ru', 'mjohnson7e', null, '2016-04-23'),
(268, 100006, 1267, 'DISMISSED', 'Tina Fowler', 'tfowler7f@yelp.com', 'tfowler7f', null, '2016-02-22'),
(269, 100012, 1268, 'IN_PROGRESS', 'Billy Cox', 'bcox7g@shutterfly.com', 'bcox7g', null, '2016-11-10'),
(270, 100011, 1269, 'RESOLVED', 'Billy Rice', 'brice7h@cocolog-nifty.com', 'brice7h', null, '2017-01-14'),
(271, 100002, 1270, 'IN_PROGRESS', 'Doris Rodriguez', 'drodriguez7i@cbslocal.com', 'drodriguez7i', null, '2017-01-02'),
(272, 100003, 1271, 'IN_PROGRESS', 'Alan Henderson', 'ahenderson7j@mozilla.com', 'ahenderson7j', null, '2016-08-19'),
(273, 100004, 1272, 'IN_PROGRESS', 'Beverly Sullivan', 'bsullivan7k@scientificamerican.com', 'bsullivan7k', null, '2017-01-13'),
(274, 100006, 1273, 'RESOLVED', 'Catherine Taylor', 'ctaylor7l@loc.gov', 'ctaylor7l', null, '2016-08-20'),
(275, 100008, 1274, 'RESOLVED', 'Doris Harris', 'dharris7m@weebly.com', 'dharris7m', null, '2017-01-09'),
(276, 100003, 1275, 'IN_PROGRESS', 'Karen Welch', 'kwelch7n@google.ca', 'kwelch7n', null, '2017-01-09'),
(277, 100011, 1276, 'IN_PROGRESS', 'Patricia Reed', 'preed7o@ucoz.com', 'preed7o', null, '2017-01-01'),
(278, 100011, 1277, 'DISMISSED', 'Thomas Gibson', 'tgibson7p@odnoklassniki.ru', 'tgibson7p', null, '2017-01-03');

insert into incident (id, policy_id, event_id, status, owner_name, owner_email, platform_user, details, detected_on) values
(279, 100007, 1278, 'NEW', 'Ashley Hudson', 'ahudson7q@blogtalkradio.com', 'ahudson7q', null, '2017-01-02'),
(280, 100005, 1279, 'NEW', 'Carlos Stevens', 'cstevens7r@ask.com', 'cstevens7r', null, '2017-01-03'),
(281, 100010, 1280, 'IN_PROGRESS', 'Victor Martin', 'vmartin7s@msu.edu', 'vmartin7s', null, '2017-01-12'),
(282, 100011, 1281, 'IN_PROGRESS', 'Daniel Sullivan', 'dsullivan7t@spotify.com', 'dsullivan7t', null, '2017-01-04'),
(283, 100004, 1282, 'IN_PROGRESS', 'Jesse Collins', 'jcollins7u@storify.com', 'jcollins7u', null, '2017-01-14'),
(284, 100007, 1283, 'NEW', 'Gloria Jenkins', 'gjenkins7v@springer.com', 'gjenkins7v', null, '2017-01-14'),
(285, 100008, 1284, 'RESOLVED', 'Paul Little', 'plittle7w@scribd.com', 'plittle7w', null, '2017-01-09'),
(286, 100005, 1285, 'NEW', 'Irene Myers', 'imyers7x@cafepress.com', 'imyers7x', null, '2016-12-22'),
(287, 100004, 1286, 'NEW', 'Russell Parker', 'rparker7y@ebay.com', 'rparker7y', null, '2016-10-01'),
(288, 100004, 1287, 'RESOLVED', 'Alan Johnson', 'ajohnson7z@csmonitor.com', 'ajohnson7z', null, '2017-01-12'),
(289, 100006, 1288, 'RESOLVED', 'Henry Long', 'hlong80@123-reg.co.uk', 'hlong80', null, '2017-01-16'),
(290, 100001, 1289, 'IN_PROGRESS', 'Cynthia Greene', 'cgreene81@addthis.com', 'cgreene81', null, '2016-05-24'),
(291, 100004, 1290, 'DISMISSED', 'Jane Collins', 'jcollins82@census.gov', 'jcollins82', null, '2017-01-12'),
(292, 100010, 1291, 'NEW', 'Robin Phillips', 'rphillips83@google.com.br', 'rphillips83', null, '2016-02-25'),
(293, 100002, 1292, 'DISMISSED', 'Bobby Anderson', 'banderson84@nytimes.com', 'banderson84', null, '2017-01-10'),
(294, 100004, 1293, 'DISMISSED', 'Russell Williamson', 'rwilliamson85@mlb.com', 'rwilliamson85', null, '2016-03-08'),
(295, 100010, 1294, 'RESOLVED', 'Bonnie Medina', 'bmedina86@wunderground.com', 'bmedina86', null, '2016-12-11'),
(296, 100003, 1295, 'NEW', 'Karen Baker', 'kbaker87@deviantart.com', 'kbaker87', null, '2017-01-02'),
(297, 100001, 1296, 'NEW', 'Emily Butler', 'ebutler88@washington.edu', 'ebutler88', null, '2017-01-10'),
(298, 100002, 1297, 'RESOLVED', 'Margaret Anderson', 'manderson89@un.org', 'manderson89', null, '2016-02-09');

insert into incident (id, policy_id, event_id, status, owner_name, owner_email, platform_user, details, detected_on) values
(299, 100001, 1298, 'RESOLVED', 'Nicholas Watson', 'nwatson8a@ibm.com', 'nwatson8a', null, '2017-01-06'),
(300, 100001, 1299, 'DISMISSED', 'Jane Nichols', 'jnichols8b@wufoo.com', 'jnichols8b', null, '2017-01-13'),
(301, 100004, 1300, 'NEW', 'Tina Ferguson', 'tferguson8c@nyu.edu', 'tferguson8c', null, '2016-05-24'),
(302, 100011, 1301, 'NEW', 'Susan Carpenter', 'scarpenter8d@wired.com', 'scarpenter8d', null, '2017-01-08'),
(303, 100011, 1302, 'NEW', 'Wanda Fox', 'wfox8e@goo.gl', 'wfox8e', null, '2017-01-10'),
(304, 100012, 1303, 'DISMISSED', 'Norma Fox', 'nfox8f@bizjournals.com', 'nfox8f', null, '2017-01-12'),
(305, 100007, 1304, 'DISMISSED', 'Alice Parker', 'aparker8g@cnet.com', 'aparker8g', null, '2016-09-07'),
(306, 100009, 1305, 'NEW', 'Gloria Reid', 'greid8h@unesco.org', 'greid8h', null, '2017-01-05'),
(307, 100010, 1306, 'DISMISSED', 'Samuel Greene', 'sgreene8i@squidoo.com', 'sgreene8i', null, '2017-01-01'),
(308, 100000, 1307, 'NEW', 'Chris Anderson', 'canderson8j@seesaa.net', 'canderson8j', null, '2017-01-12'),
(309, 100004, 1308, 'RESOLVED', 'Douglas Little', 'dlittle8k@csmonitor.com', 'dlittle8k', null, '2016-08-15'),
(310, 100002, 1309, 'DISMISSED', 'Jose Simmons', 'jsimmons8l@macromedia.com', 'jsimmons8l', null, '2017-01-12'),
(311, 100002, 1310, 'NEW', 'Donald Reynolds', 'dreynolds8m@china.com.cn', 'dreynolds8m', null, '2017-01-01'),
(312, 100003, 1311, 'IN_PROGRESS', 'Walter Peters', 'wpeters8n@bravesites.com', 'wpeters8n', null, '2017-01-09'),
(313, 100007, 1312, 'RESOLVED', 'Ann Crawford', 'acrawford8o@hp.com', 'acrawford8o', null, '2017-01-09'),
(314, 100012, 1313, 'IN_PROGRESS', 'Russell Greene', 'rgreene8p@psu.edu', 'rgreene8p', null, '2017-01-13'),
(315, 100012, 1314, 'DISMISSED', 'Sarah Diaz', 'sdiaz8q@stanford.edu', 'sdiaz8q', null, '2016-09-17'),
(316, 100006, 1315, 'DISMISSED', 'Jeremy Hansen', 'jhansen8r@latimes.com', 'jhansen8r', null, '2017-01-04'),
(317, 100003, 1316, 'RESOLVED', 'Anna Diaz', 'adiaz8s@opera.com', 'adiaz8s', null, '2017-01-09'),
(318, 100003, 1317, 'NEW', 'Susan Matthews', 'smatthews8t@japanpost.jp', 'smatthews8t', null, '2017-01-08'),
(319, 100007, 1318, 'NEW', 'Stephen Phillips', 'sphillips8u@biglobe.ne.jp', 'sphillips8u', null, '2016-11-10'),
(320, 100006, 1319, 'DISMISSED', 'Bonnie Wheeler', 'bwheeler8v@addthis.com', 'bwheeler8v', null, '2016-12-09'),
(321, 100003, 1320, 'DISMISSED', 'Jennifer Davis', 'jdavis8w@bbc.co.uk', 'jdavis8w', null, '2017-01-05'),
(322, 100009, 1321, 'NEW', 'Norma Ortiz', 'nortiz8x@is.gd', 'nortiz8x', null, '2017-01-07'),
(323, 100008, 1322, 'NEW', 'Donald Bryant', 'dbryant8y@disqus.com', 'dbryant8y', null, '2016-02-20'),
(324, 100003, 1323, 'DISMISSED', 'Wanda Harper', 'wharper8z@wordpress.org', 'wharper8z', null, '2017-01-04'),
(325, 100004, 1324, 'RESOLVED', 'Robin Moreno', 'rmoreno90@state.gov', 'rmoreno90', null, '2017-01-05'),
(326, 100004, 1325, 'DISMISSED', 'Sharon Ward', 'sward91@princeton.edu', 'sward91', null, '2016-04-25'),
(327, 100000, 1326, 'NEW', 'Walter Hicks', 'whicks92@telegraph.co.uk', 'whicks92', null, '2016-08-29'),
(328, 100008, 1327, 'IN_PROGRESS', 'Jesse Morrison', 'jmorrison93@cbsnews.com', 'jmorrison93', null, '2017-01-12');

insert into incident (id, policy_id, event_id, status, owner_name, owner_email, platform_user, details, detected_on) values
(329, 100009, 1328, 'IN_PROGRESS', 'Phillip Bailey', 'pbailey94@omniture.com', 'pbailey94', null, '2017-01-13'),
(330, 100011, 1329, 'DISMISSED', 'Brian Cole', 'bcole95@sohu.com', 'bcole95', null, '2016-12-09'),
(331, 100010, 1330, 'IN_PROGRESS', 'Alice Banks', 'abanks96@t-online.de', 'abanks96', null, '2017-01-13'),
(332, 100002, 1331, 'DISMISSED', 'Sharon Garcia', 'sgarcia97@ning.com', 'sgarcia97', null, '2017-01-04'),
(333, 100003, 1332, 'IN_PROGRESS', 'Kenneth Frazier', 'kfrazier98@netlog.com', 'kfrazier98', null, '2017-01-03'),
(334, 100005, 1333, 'RESOLVED', 'Charles Jackson', 'cjackson99@msn.com', 'cjackson99', null, '2016-01-19'),
(335, 100003, 1334, 'DISMISSED', 'Thomas Wright', 'twright9a@wp.com', 'twright9a', null, '2017-01-04'),
(336, 100008, 1335, 'IN_PROGRESS', 'Christina Meyer', 'cmeyer9b@multiply.com', 'cmeyer9b', null, '2016-04-16'),
(337, 100012, 1336, 'NEW', 'Karen Brooks', 'kbrooks9c@tripadvisor.com', 'kbrooks9c', null, '2017-01-12'),
(338, 100011, 1337, 'IN_PROGRESS', 'Dennis Elliott', 'delliott9d@webs.com', 'delliott9d', null, '2017-01-10'),
(339, 100009, 1338, 'NEW', 'Bonnie Stone', 'bstone9e@time.com', 'bstone9e', null, '2017-01-12'),
(340, 100002, 1339, 'RESOLVED', 'Jonathan Perry', 'jperry9f@hao123.com', 'jperry9f', null, '2017-01-03'),
(341, 100007, 1340, 'DISMISSED', 'Brenda Rodriguez', 'brodriguez9g@ox.ac.uk', 'brodriguez9g', null, '2017-01-12'),
(342, 100007, 1341, 'RESOLVED', 'Ronald White', 'rwhite9h@t.co', 'rwhite9h', null, '2017-01-10'),
(343, 100001, 1342, 'IN_PROGRESS', 'Martha Dixon', 'mdixon9i@huffingtonpost.com', 'mdixon9i', null, '2017-01-10'),
(344, 100004, 1343, 'IN_PROGRESS', 'Mary Alvarez', 'malvarez9j@aboutads.info', 'malvarez9j', null, '2017-01-02'),
(345, 100012, 1344, 'IN_PROGRESS', 'Sara Matthews', 'smatthews9k@huffingtonpost.com', 'smatthews9k', null, '2017-01-01'),
(346, 100000, 1345, 'RESOLVED', 'Brenda Robertson', 'brobertson9l@cargocollective.com', 'brobertson9l', null, '2017-01-16'),
(347, 100003, 1346, 'IN_PROGRESS', 'Carol Roberts', 'croberts9m@home.pl', 'croberts9m', null, '2017-01-16'),
(348, 100005, 1347, 'DISMISSED', 'Anthony Dixon', 'adixon9n@goodreads.com', 'adixon9n', null, '2016-02-20');

insert into incident (id, policy_id, event_id, status, owner_name, owner_email, platform_user, details, detected_on) values
(349, 100008, 1348, 'RESOLVED', 'Robin Lewis', 'rlewis9o@disqus.com', 'rlewis9o', null, '2017-01-16'),
(350, 100004, 1349, 'NEW', 'Tammy Ryan', 'tryan9p@smugmug.com', 'tryan9p', null, '2017-01-13'),
(351, 100000, 1350, 'RESOLVED', 'Sandra Freeman', 'sfreeman9q@macromedia.com', 'sfreeman9q', null, '2016-10-01'),
(352, 100012, 1351, 'NEW', 'Denise Jacobs', 'djacobs9r@thetimes.co.uk', 'djacobs9r', null, '2017-01-03'),
(353, 100005, 1352, 'DISMISSED', 'Martin Sanchez', 'msanchez9s@google.cn', 'msanchez9s', null, '2017-01-10'),
(354, 100002, 1353, 'IN_PROGRESS', 'Steven Riley', 'sriley9t@japanpost.jp', 'sriley9t', null, '2016-08-30'),
(355, 100007, 1354, 'RESOLVED', 'Antonio Burns', 'aburns9u@loc.gov', 'aburns9u', null, '2016-08-28'),
(356, 100007, 1355, 'NEW', 'Donna Gray', 'dgray9v@bandcamp.com', 'dgray9v', null, '2016-09-13'),
(357, 100004, 1356, 'DISMISSED', 'David Smith', 'dsmith9w@wikimedia.org', 'dsmith9w', null, '2016-09-10'),
(358, 100000, 1357, 'RESOLVED', 'Earl Kim', 'ekim9x@e-recht24.de', 'ekim9x', null, '2017-01-09'),
(359, 100002, 1358, 'RESOLVED', 'Steve Simmons', 'ssimmons9y@spotify.com', 'ssimmons9y', null, '2017-01-01'),
(360, 100008, 1359, 'IN_PROGRESS', 'Rebecca Taylor', 'rtaylor9z@mediafire.com', 'rtaylor9z', null, '2017-01-12'),
(361, 100009, 1360, 'IN_PROGRESS', 'Justin Perez', 'jpereza0@newsvine.com', 'jpereza0', null, '2017-01-13'),
(362, 100006, 1361, 'RESOLVED', 'Steve Grant', 'sgranta1@blogspot.com', 'sgranta1', null, '2017-01-10'),
(363, 100005, 1362, 'DISMISSED', 'Julie Rice', 'jricea2@oracle.com', 'jricea2', null, '2017-01-07'),
(364, 100004, 1363, 'DISMISSED', 'Nicole Myers', 'nmyersa3@ebay.com', 'nmyersa3', null, '2017-01-14'),
(365, 100006, 1364, 'IN_PROGRESS', 'Kevin Reid', 'kreida4@biblegateway.com', 'kreida4', null, '2017-01-10'),
(366, 100002, 1365, 'RESOLVED', 'Thomas Stevens', 'tstevensa5@goodreads.com', 'tstevensa5', null, '2017-01-03'),
(367, 100003, 1366, 'IN_PROGRESS', 'Annie Turner', 'aturnera6@wix.com', 'aturnera6', null, '2017-01-03'),
(368, 100002, 1367, 'RESOLVED', 'Frances Carr', 'fcarra7@cdbaby.com', 'fcarra7', null, '2017-01-03'),
(369, 100012, 1368, 'NEW', 'Rebecca Shaw', 'rshawa8@deviantart.com', 'rshawa8', null, '2016-12-23'),
(370, 100012, 1369, 'RESOLVED', 'Janet Russell', 'jrussella9@51.la', 'jrussella9', null, '2017-01-03'),
(371, 100000, 1370, 'NEW', 'Susan Hawkins', 'shawkinsaa@netvibes.com', 'shawkinsaa', null, '2017-01-03'),
(372, 100008, 1371, 'DISMISSED', 'Ryan Adams', 'radamsab@nhs.uk', 'radamsab', null, '2017-01-10'),
(373, 100006, 1372, 'DISMISSED', 'Frances Ward', 'fwardac@instagram.com', 'fwardac', null, '2017-01-05'),
(374, 100003, 1373, 'NEW', 'Kenneth Diaz', 'kdiazad@noaa.gov', 'kdiazad', null, '2017-01-13'),
(375, 100010, 1374, 'RESOLVED', 'Jimmy Romero', 'jromeroae@nytimes.com', 'jromeroae', null, '2017-01-12'),
(376, 100007, 1375, 'DISMISSED', 'Howard Ferguson', 'hfergusonaf@latimes.com', 'hfergusonaf', null, '2017-01-03'),
(377, 100000, 1376, 'IN_PROGRESS', 'Jeremy Larson', 'jlarsonag@miibeian.gov.cn', 'jlarsonag', null, '2016-06-22'),
(378, 100008, 1377, 'NEW', 'John Wagner', 'jwagnerah@odnoklassniki.ru', 'jwagnerah', null, '2017-01-15'),
(379, 100002, 1378, 'IN_PROGRESS', 'Larry Reid', 'lreidai@weebly.com', 'lreidai', null, '2017-01-07'),
(380, 100008, 1379, 'RESOLVED', 'Jane Ruiz', 'jruizaj@w3.org', 'jruizaj', null, '2017-01-12');

insert into incident (id, policy_id, event_id, status, owner_name, owner_email, platform_user, details, detected_on) values
(381, 100005, 1380, 'NEW', 'Andrea Austin', 'aaustinak@e-recht24.de', 'aaustinak', null, '2016-12-21'),
(382, 100010, 1381, 'DISMISSED', 'Douglas Ortiz', 'dortizal@imgur.com', 'dortizal', null, '2016-04-27'),
(383, 100006, 1382, 'IN_PROGRESS', 'Janice Fisher', 'jfisheram@usda.gov', 'jfisheram', null, '2017-01-03'),
(384, 100012, 1383, 'IN_PROGRESS', 'Lillian Fisher', 'lfisheran@vimeo.com', 'lfisheran', null, '2017-01-03'),
(385, 100005, 1384, 'RESOLVED', 'Paul James', 'pjamesao@noaa.gov', 'pjamesao', null, '2017-01-03'),
(386, 100000, 1385, 'RESOLVED', 'Willie Baker', 'wbakerap@prlog.org', 'wbakerap', null, '2017-01-14'),
(387, 100006, 1386, 'IN_PROGRESS', 'Wayne Brown', 'wbrownaq@disqus.com', 'wbrownaq', null, '2017-01-03'),
(388, 100000, 1387, 'NEW', 'Ralph Parker', 'rparkerar@stumbleupon.com', 'rparkerar', null, '2017-01-09'),
(389, 100002, 1388, 'IN_PROGRESS', 'Maria Long', 'mlongas@pen.io', 'mlongas', null, '2016-09-05'),
(390, 100011, 1389, 'RESOLVED', 'Arthur Mason', 'amasonat@sfgate.com', 'amasonat', null, '2017-01-01'),
(391, 100003, 1390, 'NEW', 'Elizabeth Foster', 'efosterau@miibeian.gov.cn', 'efosterau', null, '2017-01-06'),
(392, 100007, 1391, 'DISMISSED', 'Heather Hayes', 'hhayesav@twitpic.com', 'hhayesav', null, '2017-01-07'),
(393, 100011, 1392, 'IN_PROGRESS', 'Jack Fuller', 'jfulleraw@phoca.cz', 'jfulleraw', null, '2017-01-09'),
(394, 100006, 1393, 'RESOLVED', 'Nancy Wheeler', 'nwheelerax@samsung.com', 'nwheelerax', null, '2017-01-06'),
(395, 100012, 1394, 'DISMISSED', 'Jacqueline Dean', 'jdeanay@domainmarket.com', 'jdeanay', null, '2017-01-15'),
(396, 100004, 1395, 'NEW', 'Jerry Coleman', 'jcolemanaz@va.gov', 'jcolemanaz', null, '2016-08-19'),
(397, 100006, 1396, 'RESOLVED', 'Craig Kennedy', 'ckennedyb0@forbes.com', 'ckennedyb0', null, '2017-01-03'),
(398, 100000, 1397, 'RESOLVED', 'Ernest Black', 'eblackb1@skyrock.com', 'eblackb1', null, '2017-01-09'),
(399, 100007, 1398, 'IN_PROGRESS', 'Paula Simmons', 'psimmonsb2@printfriendly.com', 'psimmonsb2', null, '2017-01-12'),
(400, 100001, 1399, 'NEW', 'Rose Wells', 'rwellsb3@thetimes.co.uk', 'rwellsb3', null, '2017-01-12'),
(401, 100006, 1400, 'NEW', 'Ruth Brooks', 'rbrooksb4@redcross.org', 'rbrooksb4', null, '2017-01-02'),
(402, 100004, 1401, 'NEW', 'Jerry Vasquez', 'jvasquezb5@deliciousdays.com', 'jvasquezb5', null, '2017-01-10'),
(403, 100002, 1402, 'NEW', 'James Woods', 'jwoodsb6@amazon.com', 'jwoodsb6', null, '2017-01-11'),
(404, 100001, 1403, 'RESOLVED', 'Deborah Hill', 'dhillb7@hatena.ne.jp', 'dhillb7', null, '2017-01-12'),
(405, 100008, 1404, 'IN_PROGRESS', 'Keith Ford', 'kfordb8@artisteer.com', 'kfordb8', null, '2017-01-09'),
(406, 100007, 1405, 'RESOLVED', 'Juan Mendoza', 'jmendozab9@usgs.gov', 'jmendozab9', null, '2017-01-12'),
(407, 100009, 1406, 'IN_PROGRESS', 'Louis Nguyen', 'lnguyenba@cafepress.com', 'lnguyenba', null, '2017-01-02'),
(408, 100010, 1407, 'IN_PROGRESS', 'Jessica Thompson', 'jthompsonbb@tinypic.com', 'jthompsonbb', null, '2017-01-06'),
(409, 100007, 1408, 'DISMISSED', 'Fred Hudson', 'fhudsonbc@tumblr.com', 'fhudsonbc', null, '2017-01-12'),
(410, 100010, 1409, 'RESOLVED', 'Jimmy Fox', 'jfoxbd@twitter.com', 'jfoxbd', null, '2016-08-17'),
(411, 100011, 1410, 'NEW', 'Jonathan Berry', 'jberrybe@unesco.org', 'jberrybe', null, '2017-01-10');

insert into incident (id, policy_id, event_id, status, owner_name, owner_email, platform_user, details, detected_on) values
(412, 100002, 1411, 'IN_PROGRESS', 'Sandra Bradley', 'sbradleybf@hostgator.com', 'sbradleybf', null, '2017-01-12'),
(413, 100004, 1412, 'DISMISSED', 'Janice Webb', 'jwebbbg@time.com', 'jwebbbg', null, '2017-01-12'),
(414, 100009, 1413, 'NEW', 'Shirley Wheeler', 'swheelerbh@netvibes.com', 'swheelerbh', null, '2017-01-14'),
(415, 100000, 1414, 'DISMISSED', 'James Hunter', 'jhunterbi@bravesites.com', 'jhunterbi', null, '2017-01-10'),
(416, 100010, 1415, 'RESOLVED', 'Howard Foster', 'hfosterbj@state.tx.us', 'hfosterbj', null, '2017-01-12'),
(417, 100003, 1416, 'NEW', 'Gloria Mitchell', 'gmitchellbk@mit.edu', 'gmitchellbk', null, '2016-02-17'),
(418, 100011, 1417, 'IN_PROGRESS', 'Janice Alexander', 'jalexanderbl@imdb.com', 'jalexanderbl', null, '2016-12-10'),
(419, 100000, 1418, 'NEW', 'George Cox', 'gcoxbm@etsy.com', 'gcoxbm', null, '2017-01-02'),
(420, 100012, 1419, 'RESOLVED', 'Diana Fields', 'dfieldsbn@yandex.ru', 'dfieldsbn', null, '2017-01-02'),
(421, 100010, 1420, 'IN_PROGRESS', 'Debra Simpson', 'dsimpsonbo@ovh.net', 'dsimpsonbo', null, '2017-01-11'),
(422, 100011, 1421, 'IN_PROGRESS', 'Ruth Diaz', 'rdiazbp@reverbnation.com', 'rdiazbp', null, '2017-01-12'),
(423, 100000, 1422, 'NEW', 'Bobby White', 'bwhitebq@paginegialle.it', 'bwhitebq', null, '2017-01-12'),
(424, 100011, 1423, 'NEW', 'Robin Perry', 'rperrybr@nifty.com', 'rperrybr', null, '2016-12-24'),
(425, 100001, 1424, 'NEW', 'Julia Scott', 'jscottbs@omniture.com', 'jscottbs', null, '2017-01-12'),
(426, 100003, 1425, 'RESOLVED', 'Beverly Carter', 'bcarterbt@wordpress.com', 'bcarterbt', null, '2016-09-09'),
(427, 100008, 1426, 'IN_PROGRESS', 'Jesse Fernandez', 'jfernandezbu@moonfruit.com', 'jfernandezbu', null, '2017-01-12'),
(428, 100004, 1427, 'DISMISSED', 'Christine Vasquez', 'cvasquezbv@toplist.cz', 'cvasquezbv', null, '2017-01-10'),
(429, 100005, 1428, 'IN_PROGRESS', 'Terry Perez', 'tperezbw@privacy.gov.au', 'tperezbw', null, '2017-01-03'),
(430, 100012, 1429, 'IN_PROGRESS', 'Jose Howard', 'jhowardbx@myspace.com', 'jhowardbx', null, '2017-01-09'),
(431, 100012, 1430, 'IN_PROGRESS', 'David Murphy', 'dmurphyby@tripod.com', 'dmurphyby', null, '2017-01-01'),
(432, 100007, 1431, 'NEW', 'Joyce Stewart', 'jstewartbz@samsung.com', 'jstewartbz', null, '2017-01-06'),
(433, 100008, 1432, 'DISMISSED', 'Ruby Stephens', 'rstephensc0@bbc.co.uk', 'rstephensc0', null, '2017-01-13'),
(434, 100009, 1433, 'NEW', 'Irene Hansen', 'ihansenc1@ucoz.ru', 'ihansenc1', null, '2017-01-11'),
(435, 100005, 1434, 'RESOLVED', 'Eric Howell', 'ehowellc2@nature.com', 'ehowellc2', null, '2017-01-16'),
(436, 100007, 1435, 'RESOLVED', 'Stephen Hawkins', 'shawkinsc3@biblegateway.com', 'shawkinsc3', null, '2017-01-11'),
(437, 100005, 1436, 'NEW', 'Louise Wood', 'lwoodc4@oaic.gov.au', 'lwoodc4', null, '2016-08-17'),
(438, 100012, 1437, 'RESOLVED', 'Virginia Chavez', 'vchavezc5@devhub.com', 'vchavezc5', null, '2017-01-10'),
(439, 100002, 1438, 'RESOLVED', 'Lisa Moore', 'lmoorec6@house.gov', 'lmoorec6', null, '2016-04-11'),
(440, 100003, 1439, 'NEW', 'Arthur Myers', 'amyersc7@discuz.net', 'amyersc7', null, '2016-04-24'),
(441, 100007, 1440, 'NEW', 'Harold Ryan', 'hryanc8@biglobe.ne.jp', 'hryanc8', null, '2017-01-14'),
(442, 100001, 1441, 'RESOLVED', 'Scott Andrews', 'sandrewsc9@bloglovin.com', 'sandrewsc9', null, '2017-01-15'),
(443, 100006, 1442, 'DISMISSED', 'Martha Lawrence', 'mlawrenceca@histats.com', 'mlawrenceca', null, '2017-01-12'),
(444, 100011, 1443, 'IN_PROGRESS', 'Helen Long', 'hlongcb@vistaprint.com', 'hlongcb', null, '2016-04-25'),
(445, 100000, 1444, 'NEW', 'Bobby Watkins', 'bwatkinscc@ed.gov', 'bwatkinscc', null, '2017-01-10');

insert into incident (id, policy_id, event_id, status, owner_name, owner_email, platform_user, details, detected_on) values
(446, 100010, 1445, 'IN_PROGRESS', 'Jerry Spencer', 'jspencercd@google.co.jp', 'jspencercd', null, '2017-01-04'),
(447, 100007, 1446, 'IN_PROGRESS', 'Albert Mendoza', 'amendozace@epa.gov', 'amendozace', null, '2017-01-16'),
(448, 100005, 1447, 'RESOLVED', 'Carl Spencer', 'cspencercf@icq.com', 'cspencercf', null, '2017-01-11'),
(449, 100003, 1448, 'RESOLVED', 'Annie Harrison', 'aharrisoncg@hao123.com', 'aharrisoncg', null, '2017-01-13'),
(450, 100000, 1449, 'NEW', 'Ryan Riley', 'rrileych@shop-pro.jp', 'rrileych', null, '2017-01-04'),
(451, 100007, 1450, 'RESOLVED', 'Mildred Carroll', 'mcarrollci@washingtonpost.com', 'mcarrollci', null, '2017-01-04'),
(452, 100012, 1451, 'IN_PROGRESS', 'Patricia Kelley', 'pkelleycj@theguardian.com', 'pkelleycj', null, '2017-01-08'),
(453, 100012, 1452, 'IN_PROGRESS', 'Jeffrey Jenkins', 'jjenkinsck@gnu.org', 'jjenkinsck', null, '2017-01-12'),
(454, 100007, 1453, 'IN_PROGRESS', 'Ernest Mason', 'emasoncl@umich.edu', 'emasoncl', null, '2017-01-10'),
(455, 100003, 1454, 'NEW', 'Barbara Campbell', 'bcampbellcm@indiatimes.com', 'bcampbellcm', null, '2017-01-03'),
(456, 100008, 1455, 'DISMISSED', 'Gregory Simpson', 'gsimpsoncn@php.net', 'gsimpsoncn', null, '2017-01-07'),
(457, 100008, 1456, 'RESOLVED', 'Jennifer Smith', 'jsmithco@macromedia.com', 'jsmithco', null, '2017-01-04'),
(458, 100003, 1457, 'RESOLVED', 'Lois Tucker', 'ltuckercp@goo.gl', 'ltuckercp', null, '2017-01-03'),
(459, 100009, 1458, 'DISMISSED', 'Melissa Grant', 'mgrantcq@marriott.com', 'mgrantcq', null, '2017-01-03'),
(460, 100007, 1459, 'RESOLVED', 'Raymond Burns', 'rburnscr@printfriendly.com', 'rburnscr', null, '2016-04-22'),
(461, 100003, 1460, 'DISMISSED', 'Maria Franklin', 'mfranklincs@japanpost.jp', 'mfranklincs', null, '2017-01-09'),
(462, 100006, 1461, 'RESOLVED', 'Susan Vasquez', 'svasquezct@europa.eu', 'svasquezct', null, '2017-01-11'),
(463, 100007, 1462, 'RESOLVED', 'Edward Harris', 'eharriscu@myspace.com', 'eharriscu', null, '2017-01-04'),
(464, 100011, 1463, 'IN_PROGRESS', 'Charles Sullivan', 'csullivancv@microsoft.com', 'csullivancv', null, '2017-01-01'),
(465, 100009, 1464, 'RESOLVED', 'Nicholas Martin', 'nmartincw@slate.com', 'nmartincw', null, '2017-01-09'),
(466, 100009, 1465, 'DISMISSED', 'Jesse Myers', 'jmyerscx@spiegel.de', 'jmyerscx', null, '2017-01-10'),
(467, 100008, 1466, 'IN_PROGRESS', 'Jack Little', 'jlittlecy@over-blog.com', 'jlittlecy', null, '2017-01-10'),
(468, 100001, 1467, 'DISMISSED', 'Bonnie Rose', 'brosecz@nih.gov', 'brosecz', null, '2016-08-25'),
(469, 100006, 1468, 'IN_PROGRESS', 'Terry Welch', 'twelchd0@qq.com', 'twelchd0', null, '2017-01-08'),
(470, 100006, 1469, 'NEW', 'Donald Burke', 'dburked1@cisco.com', 'dburked1', null, '2016-04-18'),
(471, 100008, 1470, 'IN_PROGRESS', 'Jacqueline Cruz', 'jcruzd2@tamu.edu', 'jcruzd2', null, '2017-01-03'),
(472, 100005, 1471, 'RESOLVED', 'Bruce Bowman', 'bbowmand3@sciencedirect.com', 'bbowmand3', null, '2017-01-05'),
(473, 100005, 1472, 'IN_PROGRESS', 'Henry Harris', 'hharrisd4@fotki.com', 'hharrisd4', null, '2016-04-17'),
(474, 100006, 1473, 'RESOLVED', 'John Hill', 'jhilld5@mail.ru', 'jhilld5', null, '2017-01-09');

insert into incident (id, policy_id, event_id, status, owner_name, owner_email, platform_user, details, detected_on) values
(475, 100000, 1474, 'IN_PROGRESS', 'Thomas Williamson', 'twilliamsond6@unicef.org', 'twilliamsond6', null, '2017-01-05'),
(476, 100009, 1475, 'DISMISSED', 'Elizabeth Lane', 'elaned7@berkeley.edu', 'elaned7', null, '2017-01-10'),
(477, 100010, 1476, 'NEW', 'Andrew Clark', 'aclarkd8@hc360.com', 'aclarkd8', null, '2017-01-01'),
(478, 100005, 1477, 'RESOLVED', 'Louise Willis', 'lwillisd9@nytimes.com', 'lwillisd9', null, '2017-01-10'),
(479, 100002, 1478, 'NEW', 'Earl Parker', 'eparkerda@cnn.com', 'eparkerda', null, '2017-01-13'),
(480, 100008, 1479, 'IN_PROGRESS', 'Anne Berry', 'aberrydb@altervista.org', 'aberrydb', null, '2017-01-02'),
(481, 100010, 1480, 'RESOLVED', 'Jesse Lane', 'jlanedc@w3.org', 'jlanedc', null, '2017-01-09'),
(482, 100001, 1481, 'IN_PROGRESS', 'Arthur Burns', 'aburnsdd@squarespace.com', 'aburnsdd', null, '2017-01-10'),
(483, 100005, 1482, 'DISMISSED', 'Earl Howell', 'ehowellde@goodreads.com', 'ehowellde', null, '2016-04-11'),
(484, 100006, 1483, 'NEW', 'Raymond Rivera', 'rriveradf@behance.net', 'rriveradf', null, '2016-12-19'),
(485, 100007, 1484, 'RESOLVED', 'Ruth Ryan', 'rryandg@163.com', 'rryandg', null, '2017-01-10'),
(486, 100012, 1485, 'RESOLVED', 'John Edwards', 'jedwardsdh@deliciousdays.com', 'jedwardsdh', null, '2017-01-05'),
(487, 100004, 1486, 'RESOLVED', 'Kenneth Gardner', 'kgardnerdi@amazon.co.jp', 'kgardnerdi', null, '2017-01-02'),
(488, 100000, 1487, 'RESOLVED', 'Betty Perry', 'bperrydj@desdev.cn', 'bperrydj', null, '2017-01-02'),
(489, 100012, 1488, 'IN_PROGRESS', 'Mark Wells', 'mwellsdk@bing.com', 'mwellsdk', null, '2017-01-12'),
(490, 100003, 1489, 'RESOLVED', 'Howard James', 'hjamesdl@unesco.org', 'hjamesdl', null, '2017-01-15'),
(491, 100009, 1490, 'RESOLVED', 'Harold Elliott', 'helliottdm@parallels.com', 'helliottdm', null, '2017-01-10'),
(492, 100005, 1491, 'DISMISSED', 'Brenda Hunt', 'bhuntdn@nationalgeographic.com', 'bhuntdn', null, '2016-08-15'),
(493, 100004, 1492, 'IN_PROGRESS', 'Janet Collins', 'jcollinsdo@epa.gov', 'jcollinsdo', null, '2017-01-07'),
(494, 100006, 1493, 'RESOLVED', 'William Boyd', 'wboyddp@newyorker.com', 'wboyddp', null, '2017-01-05'),
(495, 100003, 1494, 'DISMISSED', 'George Burns', 'gburnsdq@washingtonpost.com', 'gburnsdq', null, '2017-01-02'),
(496, 100006, 1495, 'RESOLVED', 'Nicole Johnson', 'njohnsondr@who.int', 'njohnsondr', null, '2017-01-10'),
(497, 100009, 1496, 'RESOLVED', 'Sandra Black', 'sblackds@xinhuanet.com', 'sblackds', null, '2016-06-23'),
(498, 100011, 1497, 'DISMISSED', 'Michael George', 'mgeorgedt@phoca.cz', 'mgeorgedt', null, '2017-01-12');

insert into incident (id, policy_id, event_id, status, owner_name, owner_email, platform_user, details, detected_on) values
(499, 100008, 1498, 'RESOLVED', 'Kathy Tucker', 'ktuckerdu@ebay.co.uk', 'ktuckerdu', null, '2017-01-06'),
(500, 100003, 1499, 'RESOLVED', 'John Robertson', 'jrobertsondv@whitehouse.gov', 'jrobertsondv', null, '2016-07-22'),
(501, 100007, 1500, 'DISMISSED', 'Jose Foster', 'jfosterdw@facebook.com', 'jfosterdw', null, '2016-09-10'),
(502, 100003, 1501, 'RESOLVED', 'Randy Hart', 'rhartdx@sogou.com', 'rhartdx', null, '2017-01-10'),
(503, 100012, 1502, 'DISMISSED', 'Sean Parker', 'sparkerdy@arizona.edu', 'sparkerdy', null, '2017-01-09'),
(504, 100006, 1503, 'RESOLVED', 'Frances Larson', 'flarsondz@dagondesign.com', 'flarsondz', null, '2016-08-20'),
(505, 100006, 1504, 'IN_PROGRESS', 'Ann Scott', 'ascotte0@slideshare.net', 'ascotte0', null, '2016-07-22'),
(506, 100012, 1505, 'IN_PROGRESS', 'Jane Taylor', 'jtaylore1@multiply.com', 'jtaylore1', null, '2016-06-25'),
(507, 100006, 1506, 'RESOLVED', 'Stephanie Reid', 'sreide2@virginia.edu', 'sreide2', null, '2016-02-13'),
(508, 100011, 1507, 'NEW', 'Cynthia Bennett', 'cbennette3@alexa.com', 'cbennette3', null, '2017-01-08'),
(509, 100008, 1508, 'DISMISSED', 'Rose Wheeler', 'rwheelere4@oracle.com', 'rwheelere4', null, '2016-05-23'),
(510, 100010, 1509, 'RESOLVED', 'Terry Duncan', 'tduncane5@fema.gov', 'tduncane5', null, '2017-01-13'),
(511, 100005, 1510, 'RESOLVED', 'Diana Hernandez', 'dhernandeze6@edublogs.org', 'dhernandeze6', null, '2017-01-16'),
(512, 100008, 1511, 'IN_PROGRESS', 'Henry Barnes', 'hbarnese7@people.com.cn', 'hbarnese7', null, '2017-01-06'),
(513, 100001, 1512, 'RESOLVED', 'Kathryn Garcia', 'kgarciae8@microsoft.com', 'kgarciae8', null, '2017-01-09'),
(514, 100004, 1513, 'DISMISSED', 'Maria Snyder', 'msnydere9@whitehouse.gov', 'msnydere9', null, '2017-01-05'),
(515, 100012, 1514, 'RESOLVED', 'James Hall', 'jhallea@cornell.edu', 'jhallea', null, '2017-01-09'),
(516, 100000, 1515, 'RESOLVED', 'Robert Simmons', 'rsimmonseb@eventbrite.com', 'rsimmonseb', null, '2017-01-06'),
(517, 100000, 1516, 'DISMISSED', 'Michelle Cooper', 'mcooperec@illinois.edu', 'mcooperec', null, '2017-01-10'),
(518, 100012, 1517, 'IN_PROGRESS', 'Diane Murray', 'dmurrayed@earthlink.net', 'dmurrayed', null, '2017-01-03'),
(519, 100011, 1518, 'RESOLVED', 'Jacqueline Riley', 'jrileyee@china.com.cn', 'jrileyee', null, '2017-01-12'),
(520, 100005, 1519, 'NEW', 'Benjamin Burns', 'bburnsef@noaa.gov', 'bburnsef', null, '2016-03-09'),
(521, 100005, 1520, 'RESOLVED', 'Russell Chavez', 'rchavezeg@intel.com', 'rchavezeg', null, '2017-01-09'),
(522, 100003, 1521, 'DISMISSED', 'Sara Scott', 'sscotteh@hexun.com', 'sscotteh', null, '2017-01-16'),
(523, 100011, 1522, 'IN_PROGRESS', 'Russell Banks', 'rbanksei@reddit.com', 'rbanksei', null, '2017-01-07'),
(524, 100011, 1523, 'IN_PROGRESS', 'Judith Watson', 'jwatsonej@opensource.org', 'jwatsonej', null, '2017-01-12'),
(525, 100006, 1524, 'RESOLVED', 'Arthur Wheeler', 'awheelerek@comsenz.com', 'awheelerek', null, '2017-01-06');

insert into incident (id, policy_id, event_id, status, owner_name, owner_email, platform_user, details, detected_on) values
(526, 100004, 1525, 'IN_PROGRESS', 'Jean Ford', 'jfordel@google.com.hk', 'jfordel', null, '2017-01-01'),
(527, 100005, 1526, 'NEW', 'Bobby Price', 'bpriceem@dailymail.co.uk', 'bpriceem', null, '2016-12-31'),
(528, 100012, 1527, 'RESOLVED', 'Howard Ruiz', 'hruizen@ftc.gov', 'hruizen', null, '2017-01-13'),
(529, 100004, 1528, 'IN_PROGRESS', 'Mark Thompson', 'mthompsoneo@1und1.de', 'mthompsoneo', null, '2017-01-05'),
(530, 100005, 1529, 'RESOLVED', 'Cynthia Garza', 'cgarzaep@ftc.gov', 'cgarzaep', null, '2017-01-11'),
(531, 100000, 1530, 'DISMISSED', 'Maria Taylor', 'mtayloreq@slideshare.net', 'mtayloreq', null, '2017-01-09'),
(532, 100010, 1531, 'RESOLVED', 'Cynthia Parker', 'cparkerer@springer.com', 'cparkerer', null, '2017-01-04'),
(533, 100004, 1532, 'IN_PROGRESS', 'Phyllis George', 'pgeorgees@sciencedirect.com', 'pgeorgees', null, '2017-01-03'),
(534, 100005, 1533, 'RESOLVED', 'Christine Mason', 'cmasonet@addtoany.com', 'cmasonet', null, '2017-01-09'),
(535, 100000, 1534, 'IN_PROGRESS', 'Phillip Ross', 'prosseu@ed.gov', 'prosseu', null, '2017-01-04'),
(536, 100004, 1535, 'NEW', 'Ruby Berry', 'rberryev@dropbox.com', 'rberryev', null, '2017-01-04'),
(537, 100002, 1536, 'RESOLVED', 'Jose Stone', 'jstoneew@reuters.com', 'jstoneew', null, '2017-01-04'),
(538, 100002, 1537, 'NEW', 'Justin Clark', 'jclarkex@comsenz.com', 'jclarkex', null, '2016-12-25'),
(539, 100007, 1538, 'IN_PROGRESS', 'Louis Kelley', 'lkelleyey@dedecms.com', 'lkelleyey', null, '2016-04-10'),
(540, 100003, 1539, 'NEW', 'Roger Hall', 'rhallez@homestead.com', 'rhallez', null, '2017-01-07'),
(541, 100005, 1540, 'DISMISSED', 'Gary Gilbert', 'ggilbertf0@usgs.gov', 'ggilbertf0', null, '2017-01-05'),
(542, 100001, 1541, 'NEW', 'Joan Harrison', 'jharrisonf1@state.tx.us', 'jharrisonf1', null, '2016-02-19'),
(543, 100001, 1542, 'DISMISSED', 'Jessica Johnston', 'jjohnstonf2@msn.com', 'jjohnstonf2', null, '2017-01-12'),
(544, 100012, 1543, 'RESOLVED', 'Steve Bennett', 'sbennettf3@aboutads.info', 'sbennettf3', null, '2017-01-09'),
(545, 100008, 1544, 'NEW', 'Arthur Morris', 'amorrisf4@wikia.com', 'amorrisf4', null, '2017-01-09');

insert into incident (id, policy_id, event_id, status, owner_name, owner_email, platform_user, details, detected_on) values
(546, 100003, 1545, 'IN_PROGRESS', 'Robin Rogers', 'rrogersf5@bravesites.com', 'rrogersf5', null, '2016-09-18'),
(547, 100006, 1546, 'NEW', 'Susan Palmer', 'spalmerf6@acquirethisname.com', 'spalmerf6', null, '2016-05-21'),
(548, 100011, 1547, 'RESOLVED', 'Pamela Hawkins', 'phawkinsf7@goo.gl', 'phawkinsf7', null, '2017-01-10'),
(549, 100006, 1548, 'NEW', 'Roy Garrett', 'rgarrettf8@prweb.com', 'rgarrettf8', null, '2017-01-11'),
(550, 100009, 1549, 'NEW', 'Eric Peterson', 'epetersonf9@bravesites.com', 'epetersonf9', null, '2017-01-03'),
(551, 100008, 1550, 'IN_PROGRESS', 'Carolyn Wheeler', 'cwheelerfa@nyu.edu', 'cwheelerfa', null, '2017-01-08'),
(552, 100001, 1551, 'RESOLVED', 'Lillian Peterson', 'lpetersonfb@unicef.org', 'lpetersonfb', null, '2017-01-01'),
(553, 100002, 1552, 'IN_PROGRESS', 'Joseph Murphy', 'jmurphyfc@usda.gov', 'jmurphyfc', null, '2017-01-10'),
(554, 100005, 1553, 'NEW', 'Gerald James', 'gjamesfd@jimdo.com', 'gjamesfd', null, '2016-09-09'),
(555, 100012, 1554, 'NEW', 'Phillip Evans', 'pevansfe@over-blog.com', 'pevansfe', null, '2017-01-09'),
(556, 100009, 1555, 'NEW', 'Cynthia Willis', 'cwillisff@youtu.be', 'cwillisff', null, '2017-01-08'),
(557, 100001, 1556, 'RESOLVED', 'Carl Cruz', 'ccruzfg@pbs.org', 'ccruzfg', null, '2017-01-13'),
(558, 100005, 1557, 'NEW', 'Roger Fisher', 'rfisherfh@omniture.com', 'rfisherfh', null, '2016-02-14'),
(559, 100002, 1558, 'NEW', 'Antonio Baker', 'abakerfi@timesonline.co.uk', 'abakerfi', null, '2017-01-08'),
(560, 100011, 1559, 'DISMISSED', 'Ernest Perry', 'eperryfj@sohu.com', 'eperryfj', null, '2017-01-07'),
(561, 100011, 1560, 'DISMISSED', 'Gregory Evans', 'gevansfk@prweb.com', 'gevansfk', null, '2017-01-04'),
(562, 100012, 1561, 'DISMISSED', 'Anthony Bailey', 'abaileyfl@angelfire.com', 'abaileyfl', null, '2016-04-16'),
(563, 100012, 1562, 'NEW', 'Karen Perez', 'kperezfm@newsvine.com', 'kperezfm', null, '2017-01-06'),
(564, 100011, 1563, 'NEW', 'Gerald Snyder', 'gsnyderfn@businessinsider.com', 'gsnyderfn', null, '2017-01-09'),
(565, 100012, 1564, 'RESOLVED', 'Louis Patterson', 'lpattersonfo@apple.com', 'lpattersonfo', null, '2017-01-14');

insert into incident (id, policy_id, event_id, status, owner_name, owner_email, platform_user, details, detected_on) values
(566, 100008, 1565, 'IN_PROGRESS', 'Justin Meyer', 'jmeyerfp@un.org', 'jmeyerfp', null, '2016-07-19'),
(567, 100011, 1566, 'DISMISSED', 'Charles Boyd', 'cboydfq@webeden.co.uk', 'cboydfq', null, '2016-09-05'),
(568, 100012, 1567, 'DISMISSED', 'Shirley Ferguson', 'sfergusonfr@apache.org', 'sfergusonfr', null, '2017-01-12'),
(569, 100003, 1568, 'NEW', 'Raymond Hart', 'rhartfs@goodreads.com', 'rhartfs', null, '2017-01-10'),
(570, 100011, 1569, 'IN_PROGRESS', 'Gerald Peterson', 'gpetersonft@earthlink.net', 'gpetersonft', null, '2016-02-17'),
(571, 100001, 1570, 'RESOLVED', 'Robert Nelson', 'rnelsonfu@bloglovin.com', 'rnelsonfu', null, '2017-01-16'),
(572, 100011, 1571, 'DISMISSED', 'Daniel Oliver', 'doliverfv@springer.com', 'doliverfv', null, '2017-01-10'),
(573, 100008, 1572, 'RESOLVED', 'Carol Spencer', 'cspencerfw@deviantart.com', 'cspencerfw', null, '2017-01-05'),
(574, 100000, 1573, 'RESOLVED', 'Ronald Rice', 'rricefx@utexas.edu', 'rricefx', null, '2016-08-29'),
(575, 100000, 1574, 'NEW', 'Ann George', 'ageorgefy@hud.gov', 'ageorgefy', null, '2017-01-16'),
(576, 100012, 1575, 'DISMISSED', 'Jeremy Griffin', 'jgriffinfz@va.gov', 'jgriffinfz', null, '2017-01-09'),
(577, 100009, 1576, 'RESOLVED', 'Paula Rice', 'priceg0@joomla.org', 'priceg0', null, '2016-04-23'),
(578, 100011, 1577, 'DISMISSED', 'Jason Riley', 'jrileyg1@diigo.com', 'jrileyg1', null, '2017-01-08'),
(579, 100005, 1578, 'NEW', 'Phyllis Davis', 'pdavisg2@cisco.com', 'pdavisg2', null, '2017-01-09'),
(580, 100004, 1579, 'NEW', 'Russell Alvarez', 'ralvarezg3@a8.net', 'ralvarezg3', null, '2017-01-01'),
(581, 100002, 1580, 'IN_PROGRESS', 'Amanda Kim', 'akimg4@weebly.com', 'akimg4', null, '2017-01-08'),
(582, 100005, 1581, 'IN_PROGRESS', 'Fred Ross', 'frossg5@upenn.edu', 'frossg5', null, '2017-01-06'),
(583, 100009, 1582, 'RESOLVED', 'Howard Stone', 'hstoneg6@vistaprint.com', 'hstoneg6', null, '2017-01-11'),
(584, 100000, 1583, 'IN_PROGRESS', 'Kelly George', 'kgeorgeg7@geocities.jp', 'kgeorgeg7', null, '2017-01-11'),
(585, 100001, 1584, 'RESOLVED', 'Thomas Snyder', 'tsnyderg8@vistaprint.com', 'tsnyderg8', null, '2017-01-07'),
(586, 100012, 1585, 'DISMISSED', 'Ruth Watson', 'rwatsong9@vimeo.com', 'rwatsong9', null, '2017-01-07');

insert into incident (id, policy_id, event_id, status, owner_name, owner_email, platform_user, details, detected_on) values
(587, 100010, 1586, 'IN_PROGRESS', 'Michelle Russell', 'mrussellga@ebay.com', 'mrussellga', null, '2016-05-25'),
(588, 100002, 1587, 'NEW', 'Nancy Romero', 'nromerogb@github.io', 'nromerogb', null, '2017-01-09'),
(589, 100004, 1588, 'IN_PROGRESS', 'Fred Thomas', 'fthomasgc@telegraph.co.uk', 'fthomasgc', null, '2017-01-09'),
(590, 100007, 1589, 'IN_PROGRESS', 'Emily Shaw', 'eshawgd@ehow.com', 'eshawgd', null, '2017-01-10'),
(591, 100003, 1590, 'IN_PROGRESS', 'Kimberly Holmes', 'kholmesge@naver.com', 'kholmesge', null, '2016-10-05'),
(592, 100005, 1591, 'NEW', 'Jessica Sanchez', 'jsanchezgf@google.com', 'jsanchezgf', null, '2017-01-13'),
(593, 100011, 1592, 'RESOLVED', 'Gregory Tucker', 'gtuckergg@admin.ch', 'gtuckergg', null, '2017-01-02'),
(594, 100006, 1593, 'NEW', 'Wanda Meyer', 'wmeyergh@ucoz.com', 'wmeyergh', null, '2017-01-09'),
(595, 100008, 1594, 'DISMISSED', 'Kenneth Tucker', 'ktuckergi@networksolutions.com', 'ktuckergi', null, '2016-03-07'),
(596, 100007, 1595, 'NEW', 'Henry Kelley', 'hkelleygj@ning.com', 'hkelleygj', null, '2017-01-06'),
(597, 100004, 1596, 'DISMISSED', 'Louise Porter', 'lportergk@oakley.com', 'lportergk', null, '2017-01-13'),
(598, 100001, 1597, 'NEW', 'Howard Palmer', 'hpalmergl@reference.com', 'hpalmergl', null, '2017-01-14'),
(599, 100007, 1598, 'DISMISSED', 'Janice Gutierrez', 'jgutierrezgm@weather.com', 'jgutierrezgm', null, '2017-01-16'),
(600, 100003, 1599, 'NEW', 'Cynthia Walker', 'cwalkergn@fotki.com', 'cwalkergn', null, '2016-09-08'),
(601, 100010, 1600, 'NEW', 'Carol Bishop', 'cbishopgo@ifeng.com', 'cbishopgo', null, '2017-01-15'),
(602, 100003, 1601, 'RESOLVED', 'Annie Mendoza', 'amendozagp@naver.com', 'amendozagp', null, '2017-01-13'),
(603, 100009, 1602, 'DISMISSED', 'Charles Little', 'clittlegq@microsoft.com', 'clittlegq', null, '2017-01-09'),
(604, 100010, 1603, 'DISMISSED', 'Gary Grant', 'ggrantgr@4shared.com', 'ggrantgr', null, '2017-01-05'),
(605, 100008, 1604, 'IN_PROGRESS', 'Randy Armstrong', 'rarmstronggs@vkontakte.ru', 'rarmstronggs', null, '2017-01-08'),
(606, 100003, 1605, 'IN_PROGRESS', 'Wayne Brown', 'wbrowngt@a8.net', 'wbrowngt', null, '2017-01-07'),
(607, 100003, 1606, 'RESOLVED', 'Joe Sims', 'jsimsgu@elegantthemes.com', 'jsimsgu', null, '2016-09-08'),
(608, 100002, 1607, 'RESOLVED', 'Kevin Murray', 'kmurraygv@nifty.com', 'kmurraygv', null, '2017-01-15'),
(609, 100005, 1608, 'RESOLVED', 'Helen Richards', 'hrichardsgw@acquirethisname.com', 'hrichardsgw', null, '2017-01-05'),
(610, 100009, 1609, 'NEW', 'Tina Thompson', 'tthompsongx@biglobe.ne.jp', 'tthompsongx', null, '2017-01-03'),
(611, 100003, 1610, 'DISMISSED', 'Diane Dixon', 'ddixongy@spotify.com', 'ddixongy', null, '2017-01-09'),
(612, 100010, 1611, 'IN_PROGRESS', 'Mary Simmons', 'msimmonsgz@devhub.com', 'msimmonsgz', null, '2017-01-12'),
(613, 100004, 1612, 'NEW', 'Jonathan Garrett', 'jgarretth0@yolasite.com', 'jgarretth0', null, '2017-01-08'),
(614, 100000, 1613, 'NEW', 'Wanda Montgomery', 'wmontgomeryh1@intel.com', 'wmontgomeryh1', null, '2016-04-26'),
(615, 100008, 1614, 'DISMISSED', 'Ruby Hall', 'rhallh2@furl.net', 'rhallh2', null, '2016-04-27');

insert into incident (id, policy_id, event_id, status, owner_name, owner_email, platform_user, details, detected_on) values
(616, 100008, 1615, 'NEW', 'Joseph Simpson', 'jsimpsonh3@baidu.com', 'jsimpsonh3', null, '2017-01-09'),
(617, 100006, 1616, 'IN_PROGRESS', 'Thomas Graham', 'tgrahamh4@privacy.gov.au', 'tgrahamh4', null, '2017-01-06'),
(618, 100008, 1617, 'NEW', 'Mildred George', 'mgeorgeh5@wunderground.com', 'mgeorgeh5', null, '2017-01-09'),
(619, 100007, 1618, 'RESOLVED', 'Stephanie Wells', 'swellsh6@xinhuanet.com', 'swellsh6', null, '2017-01-04'),
(620, 100008, 1619, 'IN_PROGRESS', 'Martha Cooper', 'mcooperh7@tripadvisor.com', 'mcooperh7', null, '2017-01-03'),
(621, 100002, 1620, 'NEW', 'Tammy Matthews', 'tmatthewsh8@purevolume.com', 'tmatthewsh8', null, '2017-01-08'),
(622, 100008, 1621, 'DISMISSED', 'Sara Lane', 'slaneh9@infoseek.co.jp', 'slaneh9', null, '2017-01-03'),
(623, 100006, 1622, 'RESOLVED', 'Justin Webb', 'jwebbha@tripadvisor.com', 'jwebbha', null, '2017-01-07'),
(624, 100004, 1623, 'IN_PROGRESS', 'Paula Cook', 'pcookhb@scribd.com', 'pcookhb', null, '2017-01-01'),
(625, 100010, 1624, 'DISMISSED', 'Helen Morrison', 'hmorrisonhc@google.it', 'hmorrisonhc', null, '2017-01-13'),
(626, 100007, 1625, 'NEW', 'James Evans', 'jevanshd@hubpages.com', 'jevanshd', null, '2017-01-12'),
(627, 100003, 1626, 'DISMISSED', 'Michelle Alexander', 'malexanderhe@forbes.com', 'malexanderhe', null, '2017-01-05'),
(628, 100012, 1627, 'IN_PROGRESS', 'Rose Moreno', 'rmorenohf@tmall.com', 'rmorenohf', null, '2017-01-01'),
(629, 100007, 1628, 'RESOLVED', 'Melissa Lawson', 'mlawsonhg@pagesperso-orange.fr', 'mlawsonhg', null, '2017-01-12'),
(630, 100003, 1629, 'NEW', 'Ruby Little', 'rlittlehh@ihg.com', 'rlittlehh', null, '2017-01-13'),
(631, 100007, 1630, 'IN_PROGRESS', 'Raymond Williams', 'rwilliamshi@netlog.com', 'rwilliamshi', null, '2017-01-06'),
(632, 100003, 1631, 'DISMISSED', 'Samuel Lewis', 'slewishj@wiley.com', 'slewishj', null, '2017-01-06'),
(633, 100008, 1632, 'IN_PROGRESS', 'Craig Torres', 'ctorreshk@hao123.com', 'ctorreshk', null, '2017-01-12'),
(634, 100001, 1633, 'IN_PROGRESS', 'Tina Garcia', 'tgarciahl@mlb.com', 'tgarciahl', null, '2017-01-11'),
(635, 100003, 1634, 'DISMISSED', 'Aaron Russell', 'arussellhm@furl.net', 'arussellhm', null, '2017-01-06'),
(636, 100008, 1635, 'NEW', 'Phillip Hamilton', 'phamiltonhn@twitter.com', 'phamiltonhn', null, '2017-01-02'),
(637, 100012, 1636, 'IN_PROGRESS', 'Joan Gonzalez', 'jgonzalezho@moonfruit.com', 'jgonzalezho', null, '2016-08-17'),
(638, 100002, 1637, 'IN_PROGRESS', 'Randy Tucker', 'rtuckerhp@addthis.com', 'rtuckerhp', null, '2017-01-05'),
(639, 100004, 1638, 'IN_PROGRESS', 'Jack Matthews', 'jmatthewshq@statcounter.com', 'jmatthewshq', null, '2017-01-09'),
(640, 100011, 1639, 'NEW', 'Frank Hall', 'fhallhr@unblog.fr', 'fhallhr', null, '2017-01-10'),
(641, 100000, 1640, 'DISMISSED', 'Justin Bradley', 'jbradleyhs@de.vu', 'jbradleyhs', null, '2017-01-02'),
(642, 100009, 1641, 'DISMISSED', 'Lori Rodriguez', 'lrodriguezht@pbs.org', 'lrodriguezht', null, '2017-01-06'),
(643, 100003, 1642, 'RESOLVED', 'Laura Harvey', 'lharveyhu@wikipedia.org', 'lharveyhu', null, '2017-01-10'),
(644, 100004, 1643, 'DISMISSED', 'Juan Hughes', 'jhugheshv@blinklist.com', 'jhugheshv', null, '2017-01-08'),
(645, 100003, 1644, 'IN_PROGRESS', 'Angela Watson', 'awatsonhw@mayoclinic.com', 'awatsonhw', null, '2017-01-08'),
(646, 100000, 1645, 'NEW', 'Amy Thompson', 'athompsonhx@wp.com', 'athompsonhx', null, '2016-02-14'),
(647, 100008, 1646, 'RESOLVED', 'Richard Harper', 'rharperhy@oaic.gov.au', 'rharperhy', null, '2017-01-12'),
(648, 100000, 1647, 'RESOLVED', 'Anna Ross', 'arosshz@stanford.edu', 'arosshz', null, '2017-01-11'),
(649, 100012, 1648, 'DISMISSED', 'Annie Long', 'alongi0@jigsy.com', 'alongi0', null, '2016-01-19');

insert into incident (id, policy_id, event_id, status, owner_name, owner_email, platform_user, details, detected_on) values
(650, 100007, 1649, 'IN_PROGRESS', 'Kenneth Stewart', 'kstewarti1@marketwatch.com', 'kstewarti1', null, '2017-01-09'),
(651, 100008, 1650, 'NEW', 'Judy Webb', 'jwebbi2@jimdo.com', 'jwebbi2', null, '2016-09-14'),
(652, 100005, 1651, 'IN_PROGRESS', 'Jonathan Cooper', 'jcooperi3@plala.or.jp', 'jcooperi3', null, '2016-09-12'),
(653, 100002, 1652, 'DISMISSED', 'Anne Perkins', 'aperkinsi4@slideshare.net', 'aperkinsi4', null, '2017-01-11'),
(654, 100004, 1653, 'DISMISSED', 'Diane Boyd', 'dboydi5@cafepress.com', 'dboydi5', null, '2017-01-13'),
(655, 100007, 1654, 'RESOLVED', 'Jennifer Lynch', 'jlynchi6@rakuten.co.jp', 'jlynchi6', null, '2017-01-07'),
(656, 100000, 1655, 'IN_PROGRESS', 'Louis Kelly', 'lkellyi7@dagondesign.com', 'lkellyi7', null, '2016-08-29'),
(657, 100006, 1656, 'NEW', 'Jimmy Gordon', 'jgordoni8@kickstarter.com', 'jgordoni8', null, '2017-01-09'),
(658, 100001, 1657, 'RESOLVED', 'Tammy Hudson', 'thudsoni9@technorati.com', 'thudsoni9', null, '2017-01-08'),
(659, 100007, 1658, 'IN_PROGRESS', 'Irene Little', 'ilittleia@businessweek.com', 'ilittleia', null, '2017-01-10'),
(660, 100003, 1659, 'RESOLVED', 'Richard Perkins', 'rperkinsib@netscape.com', 'rperkinsib', null, '2016-04-11'),
(661, 100009, 1660, 'NEW', 'George Ruiz', 'gruizic@yale.edu', 'gruizic', null, '2016-09-15'),
(662, 100004, 1661, 'NEW', 'Eugene Jacobs', 'ejacobsid@jiathis.com', 'ejacobsid', null, '2017-01-10'),
(663, 100012, 1662, 'NEW', 'Daniel Russell', 'drussellie@mlb.com', 'drussellie', null, '2017-01-07'),
(664, 100000, 1663, 'DISMISSED', 'Keith Hunter', 'khunterif@omniture.com', 'khunterif', null, '2017-01-02'),
(665, 100000, 1664, 'NEW', 'Jacqueline Morales', 'jmoralesig@dion.ne.jp', 'jmoralesig', null, '2017-01-01'),
(666, 100007, 1665, 'RESOLVED', 'Roy George', 'rgeorgeih@google.co.uk', 'rgeorgeih', null, '2016-06-22'),
(667, 100002, 1666, 'NEW', 'Jerry Dixon', 'jdixonii@slate.com', 'jdixonii', null, '2017-01-04'),
(668, 100003, 1667, 'DISMISSED', 'Kelly Rice', 'kriceij@imgur.com', 'kriceij', null, '2017-01-13'),
(669, 100002, 1668, 'NEW', 'Carolyn Bailey', 'cbaileyik@arizona.edu', 'cbaileyik', null, '2016-12-17'),
(670, 100001, 1669, 'RESOLVED', 'Sean Frazier', 'sfrazieril@va.gov', 'sfrazieril', null, '2016-07-19'),
(671, 100010, 1670, 'DISMISSED', 'Jack Perkins', 'jperkinsim@comsenz.com', 'jperkinsim', null, '2017-01-13'),
(672, 100006, 1671, 'DISMISSED', 'Gloria Gomez', 'ggomezin@php.net', 'ggomezin', null, '2016-04-11'),
(673, 100002, 1672, 'RESOLVED', 'Christopher Rice', 'criceio@scribd.com', 'criceio', null, '2017-01-15'),
(674, 100010, 1673, 'NEW', 'Alice Griffin', 'agriffinip@mashable.com', 'agriffinip', null, '2016-08-31'),
(675, 100008, 1674, 'RESOLVED', 'Jacqueline Dixon', 'jdixoniq@trellian.com', 'jdixoniq', null, '2017-01-16'),
(676, 100002, 1675, 'RESOLVED', 'Juan Kim', 'jkimir@issuu.com', 'jkimir', null, '2017-01-01'),
(677, 100005, 1676, 'DISMISSED', 'Larry Simmons', 'lsimmonsis@livejournal.com', 'lsimmonsis', null, '2016-12-16'),
(678, 100012, 1677, 'DISMISSED', 'Gloria Lewis', 'glewisit@marriott.com', 'glewisit', null, '2016-04-10'),
(679, 100008, 1678, 'RESOLVED', 'Sean Mitchell', 'smitchelliu@oakley.com', 'smitchelliu', null, '2017-01-02'),
(680, 100006, 1679, 'DISMISSED', 'Ryan Peterson', 'rpetersoniv@whitehouse.gov', 'rpetersoniv', null, '2017-01-04'),
(681, 100007, 1680, 'IN_PROGRESS', 'Michael Cooper', 'mcooperiw@ihg.com', 'mcooperiw', null, '2017-01-12');

insert into incident (id, policy_id, event_id, status, owner_name, owner_email, platform_user, details, detected_on) values
(682, 100009, 1681, 'NEW', 'Lisa Cooper', 'lcooperix@geocities.com', 'lcooperix', null, '2017-01-05'),
(683, 100004, 1682, 'IN_PROGRESS', 'Teresa Jones', 'tjonesiy@merriam-webster.com', 'tjonesiy', null, '2016-07-21'),
(684, 100005, 1683, 'RESOLVED', 'Daniel Hall', 'dhalliz@pen.io', 'dhalliz', null, '2017-01-09'),
(685, 100007, 1684, 'IN_PROGRESS', 'Marilyn Wagner', 'mwagnerj0@hostgator.com', 'mwagnerj0', null, '2017-01-12'),
(686, 100010, 1685, 'DISMISSED', 'Nancy Simmons', 'nsimmonsj1@washingtonpost.com', 'nsimmonsj1', null, '2017-01-10'),
(687, 100009, 1686, 'IN_PROGRESS', 'John Morrison', 'jmorrisonj2@smh.com.au', 'jmorrisonj2', null, '2017-01-12'),
(688, 100006, 1687, 'DISMISSED', 'Brenda Hill', 'bhillj3@un.org', 'bhillj3', null, '2016-08-20'),
(689, 100005, 1688, 'NEW', 'Emily Taylor', 'etaylorj4@qq.com', 'etaylorj4', null, '2017-01-09'),
(690, 100004, 1689, 'RESOLVED', 'Debra Carr', 'dcarrj5@shinystat.com', 'dcarrj5', null, '2016-08-23'),
(691, 100002, 1690, 'DISMISSED', 'Carolyn Collins', 'ccollinsj6@who.int', 'ccollinsj6', null, '2017-01-06'),
(692, 100002, 1691, 'RESOLVED', 'Brenda Spencer', 'bspencerj7@homestead.com', 'bspencerj7', null, '2017-01-09'),
(693, 100004, 1692, 'NEW', 'Diane Reynolds', 'dreynoldsj8@washingtonpost.com', 'dreynoldsj8', null, '2017-01-01'),
(694, 100004, 1693, 'DISMISSED', 'Barbara Howell', 'bhowellj9@themeforest.net', 'bhowellj9', null, '2017-01-12'),
(695, 100008, 1694, 'NEW', 'Irene Dixon', 'idixonja@biblegateway.com', 'idixonja', null, '2017-01-02'),
(696, 100001, 1695, 'IN_PROGRESS', 'Stephen Greene', 'sgreenejb@elpais.com', 'sgreenejb', null, '2017-01-03'),
(697, 100003, 1696, 'DISMISSED', 'Jeffrey Jones', 'jjonesjc@reverbnation.com', 'jjonesjc', null, '2017-01-11'),
(698, 100003, 1697, 'DISMISSED', 'Chris Perry', 'cperryjd@pen.io', 'cperryjd', null, '2016-10-31'),
(699, 100012, 1698, 'NEW', 'Ruby Kelley', 'rkelleyje@google.pl', 'rkelleyje', null, '2016-12-09'),
(700, 100004, 1699, 'NEW', 'John Jacobs', 'jjacobsjf@time.com', 'jjacobsjf', null, '2017-01-14'),
(701, 100007, 1700, 'NEW', 'Michael Turner', 'mturnerjg@zimbio.com', 'mturnerjg', null, '2017-01-09'),
(702, 100001, 1701, 'DISMISSED', 'Pamela Howard', 'phowardjh@nhs.uk', 'phowardjh', null, '2017-01-05'),
(703, 100005, 1702, 'IN_PROGRESS', 'Carl Castillo', 'ccastilloji@dyndns.org', 'ccastilloji', null, '2016-08-15'),
(704, 100004, 1703, 'IN_PROGRESS', 'Jessica Owens', 'jowensjj@hao123.com', 'jowensjj', null, '2017-01-09'),
(705, 100000, 1704, 'DISMISSED', 'Alan Roberts', 'arobertsjk@amazon.de', 'arobertsjk', null, '2016-08-15'),
(706, 100007, 1705, 'RESOLVED', 'Karen Wood', 'kwoodjl@businessweek.com', 'kwoodjl', null, '2017-01-09');

insert into incident (id, policy_id, event_id, status, owner_name, owner_email, platform_user, details, detected_on) values
(707, 100005, 1706, 'NEW', 'Marie Johnston', 'mjohnstonjm@ibm.com', 'mjohnstonjm', null, '2017-01-06'),
(708, 100003, 1707, 'RESOLVED', 'Eric Frazier', 'efrazierjn@angelfire.com', 'efrazierjn', null, '2017-01-10'),
(709, 100012, 1708, 'RESOLVED', 'Gary Mendoza', 'gmendozajo@dell.com', 'gmendozajo', null, '2017-01-12'),
(710, 100006, 1709, 'NEW', 'Paula Martinez', 'pmartinezjp@over-blog.com', 'pmartinezjp', null, '2016-12-28'),
(711, 100008, 1710, 'RESOLVED', 'Jerry Robertson', 'jrobertsonjq@canalblog.com', 'jrobertsonjq', null, '2017-01-02'),
(712, 100011, 1711, 'IN_PROGRESS', 'Lawrence Hart', 'lhartjr@npr.org', 'lhartjr', null, '2016-07-20'),
(713, 100010, 1712, 'DISMISSED', 'Jennifer Harrison', 'jharrisonjs@123-reg.co.uk', 'jharrisonjs', null, '2017-01-09'),
(714, 100011, 1713, 'RESOLVED', 'Pamela Castillo', 'pcastillojt@state.gov', 'pcastillojt', null, '2016-09-11'),
(715, 100006, 1714, 'RESOLVED', 'Billy Cole', 'bcoleju@phpbb.com', 'bcoleju', null, '2017-01-11'),
(716, 100002, 1715, 'NEW', 'Karen Davis', 'kdavisjv@cpanel.net', 'kdavisjv', null, '2017-01-09'),
(717, 100012, 1716, 'DISMISSED', 'Emily Reid', 'ereidjw@reuters.com', 'ereidjw', null, '2017-01-06'),
(718, 100008, 1717, 'NEW', 'Charles Nguyen', 'cnguyenjx@wiley.com', 'cnguyenjx', null, '2017-01-07'),
(719, 100005, 1718, 'IN_PROGRESS', 'Thomas Freeman', 'tfreemanjy@cloudflare.com', 'tfreemanjy', null, '2017-01-10'),
(720, 100011, 1719, 'RESOLVED', 'Ruby Howell', 'rhowelljz@mozilla.com', 'rhowelljz', null, '2016-04-21'),
(721, 100002, 1720, 'RESOLVED', 'Raymond Long', 'rlongk0@wikimedia.org', 'rlongk0', null, '2017-01-07'),
(722, 100012, 1721, 'DISMISSED', 'Fred Rice', 'fricek1@twitter.com', 'fricek1', null, '2016-04-18'),
(723, 100009, 1722, 'RESOLVED', 'Eric Chavez', 'echavezk2@zimbio.com', 'echavezk2', null, '2017-01-09'),
(724, 100003, 1723, 'DISMISSED', 'Patricia Simpson', 'psimpsonk3@desdev.cn', 'psimpsonk3', null, '2016-03-08'),
(725, 100002, 1724, 'DISMISSED', 'Alan Ross', 'arossk4@mysql.com', 'arossk4', null, '2017-01-09'),
(726, 100012, 1725, 'DISMISSED', 'Donald Garrett', 'dgarrettk5@barnesandnoble.com', 'dgarrettk5', null, '2017-01-10'),
(727, 100010, 1726, 'RESOLVED', 'Randy James', 'rjamesk6@cmu.edu', 'rjamesk6', null, '2017-01-13'),
(728, 100001, 1727, 'RESOLVED', 'William Grant', 'wgrantk7@about.com', 'wgrantk7', null, '2016-09-08'),
(729, 100004, 1728, 'RESOLVED', 'Frank Brown', 'fbrownk8@google.es', 'fbrownk8', null, '2017-01-05'),
(730, 100011, 1729, 'NEW', 'Kathleen Gardner', 'kgardnerk9@oakley.com', 'kgardnerk9', null, '2017-01-10');

insert into incident (id, policy_id, event_id, status, owner_name, owner_email, platform_user, details, detected_on) values
(731, 100000, 1730, 'NEW', 'Fred Walker', 'fwalkerka@wikia.com', 'fwalkerka', null, '2016-06-23'),
(732, 100010, 1731, 'NEW', 'Johnny Cook', 'jcookkb@canalblog.com', 'jcookkb', null, '2017-01-03'),
(733, 100001, 1732, 'IN_PROGRESS', 'Irene Ray', 'iraykc@histats.com', 'iraykc', null, '2016-12-29'),
(734, 100009, 1733, 'IN_PROGRESS', 'Judith Nichols', 'jnicholskd@constantcontact.com', 'jnicholskd', null, '2016-11-10'),
(735, 100002, 1734, 'IN_PROGRESS', 'Gregory Morales', 'gmoraleske@weebly.com', 'gmoraleske', null, '2017-01-10'),
(736, 100006, 1735, 'RESOLVED', 'Irene Stone', 'istonekf@wordpress.org', 'istonekf', null, '2017-01-16'),
(737, 100001, 1736, 'IN_PROGRESS', 'Tina Diaz', 'tdiazkg@liveinternet.ru', 'tdiazkg', null, '2017-01-02'),
(738, 100010, 1737, 'DISMISSED', 'Martha Castillo', 'mcastillokh@wiley.com', 'mcastillokh', null, '2016-04-25'),
(739, 100001, 1738, 'IN_PROGRESS', 'Randy Perkins', 'rperkinski@netvibes.com', 'rperkinski', null, '2016-04-21'),
(740, 100012, 1739, 'DISMISSED', 'Elizabeth Mitchell', 'emitchellkj@apple.com', 'emitchellkj', null, '2016-12-29'),
(741, 100011, 1740, 'DISMISSED', 'Juan Oliver', 'joliverkk@accuweather.com', 'joliverkk', null, '2017-01-02'),
(742, 100008, 1741, 'IN_PROGRESS', 'Betty Cook', 'bcookkl@topsy.com', 'bcookkl', null, '2016-12-21'),
(743, 100006, 1742, 'IN_PROGRESS', 'Johnny Ruiz', 'jruizkm@lycos.com', 'jruizkm', null, '2017-01-05'),
(744, 100000, 1743, 'RESOLVED', 'Mary Lewis', 'mlewiskn@stumbleupon.com', 'mlewiskn', null, '2016-06-27'),
(745, 100005, 1744, 'IN_PROGRESS', 'Albert Gardner', 'agardnerko@springer.com', 'agardnerko', null, '2017-01-13'),
(746, 100001, 1745, 'NEW', 'Ruby Patterson', 'rpattersonkp@google.co.uk', 'rpattersonkp', null, '2017-01-05'),
(747, 100004, 1746, 'RESOLVED', 'Victor Greene', 'vgreenekq@netvibes.com', 'vgreenekq', null, '2016-12-29'),
(748, 100010, 1747, 'IN_PROGRESS', 'Mary Peterson', 'mpetersonkr@yelp.com', 'mpetersonkr', null, '2017-01-02'),
(749, 100001, 1748, 'DISMISSED', 'Lillian Wright', 'lwrightks@skype.com', 'lwrightks', null, '2017-01-13');

insert into incident (id, policy_id, event_id, status, owner_name, owner_email, platform_user, details, detected_on) values
(750, 100011, 1749, 'NEW', 'Jean Barnes', 'jbarneskt@theguardian.com', 'jbarneskt', null, '2016-05-22'),
(751, 100002, 1750, 'DISMISSED', 'Rose Kennedy', 'rkennedyku@csmonitor.com', 'rkennedyku', null, '2017-01-05'),
(752, 100005, 1751, 'DISMISSED', 'Paul Nelson', 'pnelsonkv@usnews.com', 'pnelsonkv', null, '2016-05-23'),
(753, 100008, 1752, 'IN_PROGRESS', 'Andrew Kennedy', 'akennedykw@tinyurl.com', 'akennedykw', null, '2017-01-13'),
(754, 100011, 1753, 'DISMISSED', 'Anthony Cox', 'acoxkx@sun.com', 'acoxkx', null, '2016-04-29'),
(755, 100010, 1754, 'DISMISSED', 'Roger Sanders', 'rsandersky@macromedia.com', 'rsandersky', null, '2016-01-19'),
(756, 100006, 1755, 'NEW', 'Rachel Hanson', 'rhansonkz@ehow.com', 'rhansonkz', null, '2017-01-07'),
(757, 100002, 1756, 'IN_PROGRESS', 'Thomas Elliott', 'telliottl0@deviantart.com', 'telliottl0', null, '2017-01-05'),
(758, 100005, 1757, 'NEW', 'Phyllis Duncan', 'pduncanl1@theguardian.com', 'pduncanl1', null, '2017-01-15'),
(759, 100002, 1758, 'IN_PROGRESS', 'Keith Meyer', 'kmeyerl2@seesaa.net', 'kmeyerl2', null, '2017-01-11'),
(760, 100003, 1759, 'IN_PROGRESS', 'Phillip Kelly', 'pkellyl3@de.vu', 'pkellyl3', null, '2017-01-04'),
(761, 100009, 1760, 'IN_PROGRESS', 'Judith Hart', 'jhartl4@google.es', 'jhartl4', null, '2016-08-23'),
(762, 100008, 1761, 'IN_PROGRESS', 'Kathy Hart', 'khartl5@vk.com', 'khartl5', null, '2016-02-13'),
(763, 100004, 1762, 'RESOLVED', 'Alice Simpson', 'asimpsonl6@taobao.com', 'asimpsonl6', null, '2016-01-19'),
(764, 100002, 1763, 'DISMISSED', 'Sandra Kelly', 'skellyl7@blogger.com', 'skellyl7', null, '2016-04-22'),
(765, 100003, 1764, 'IN_PROGRESS', 'Albert Price', 'apricel8@timesonline.co.uk', 'apricel8', null, '2016-12-29'),
(766, 100011, 1765, 'NEW', 'Gloria Dixon', 'gdixonl9@eepurl.com', 'gdixonl9', null, '2017-01-02'),
(767, 100008, 1766, 'DISMISSED', 'John Cunningham', 'jcunninghamla@wufoo.com', 'jcunninghamla', null, '2016-09-12'),
(768, 100007, 1767, 'DISMISSED', 'Wayne Dunn', 'wdunnlb@squarespace.com', 'wdunnlb', null, '2017-01-09'),
(769, 100011, 1768, 'RESOLVED', 'Gloria Wright', 'gwrightlc@soundcloud.com', 'gwrightlc', null, '2016-12-11');

insert into incident (id, policy_id, event_id, status, owner_name, owner_email, platform_user, details, detected_on) values
(770, 100003, 1769, 'RESOLVED', 'Beverly Mason', 'bmasonld@un.org', 'bmasonld', null, '2017-01-06'),
(771, 100006, 1770, 'DISMISSED', 'Carol Spencer', 'cspencerle@joomla.org', 'cspencerle', null, '2017-01-06'),
(772, 100009, 1771, 'DISMISSED', 'Steven Mills', 'smillslf@xinhuanet.com', 'smillslf', null, '2017-01-10'),
(773, 100004, 1772, 'DISMISSED', 'Mary Johnson', 'mjohnsonlg@jalbum.net', 'mjohnsonlg', null, '2016-06-26'),
(774, 100010, 1773, 'NEW', 'Walter Reid', 'wreidlh@newsvine.com', 'wreidlh', null, '2017-01-16'),
(775, 100006, 1774, 'DISMISSED', 'Charles Bradley', 'cbradleyli@shop-pro.jp', 'cbradleyli', null, '2017-01-10'),
(776, 100008, 1775, 'IN_PROGRESS', 'Christina Mendoza', 'cmendozalj@craigslist.org', 'cmendozalj', null, '2016-04-20'),
(777, 100005, 1776, 'DISMISSED', 'Annie Brooks', 'abrookslk@ucsd.edu', 'abrookslk', null, '2017-01-07'),
(778, 100005, 1777, 'NEW', 'Pamela Coleman', 'pcolemanll@tmall.com', 'pcolemanll', null, '2017-01-12'),
(779, 100010, 1778, 'NEW', 'Kathleen Shaw', 'kshawlm@cdbaby.com', 'kshawlm', null, '2017-01-01'),
(780, 100009, 1779, 'NEW', 'Andrea Carr', 'acarrln@theatlantic.com', 'acarrln', null, '2017-01-04'),
(781, 100010, 1780, 'NEW', 'Marie Chavez', 'mchavezlo@miibeian.gov.cn', 'mchavezlo', null, '2016-12-12'),
(782, 100008, 1781, 'DISMISSED', 'Daniel Elliott', 'delliottlp@aboutads.info', 'delliottlp', null, '2017-01-03'),
(783, 100001, 1782, 'IN_PROGRESS', 'Robert Butler', 'rbutlerlq@feedburner.com', 'rbutlerlq', null, '2017-01-06'),
(784, 100012, 1783, 'RESOLVED', 'Joseph Berry', 'jberrylr@ox.ac.uk', 'jberrylr', null, '2016-05-22'),
(785, 100001, 1784, 'DISMISSED', 'Michelle Roberts', 'mrobertsls@washington.edu', 'mrobertsls', null, '2016-08-28'),
(786, 100010, 1785, 'DISMISSED', 'Theresa Allen', 'tallenlt@nydailynews.com', 'tallenlt', null, '2017-01-12'),
(787, 100001, 1786, 'NEW', 'Lisa Harrison', 'lharrisonlu@google.ca', 'lharrisonlu', null, '2016-09-11'),
(788, 100011, 1787, 'NEW', 'Henry Harvey', 'hharveylv@mashable.com', 'hharveylv', null, '2017-01-02'),
(789, 100010, 1788, 'NEW', 'Angela Nguyen', 'anguyenlw@twitpic.com', 'anguyenlw', null, '2017-01-09'),
(790, 100012, 1789, 'IN_PROGRESS', 'Jessica Rogers', 'jrogerslx@mapy.cz', 'jrogerslx', null, '2017-01-13'),
(791, 100006, 1790, 'NEW', 'Dennis Hall', 'dhallly@yelp.com', 'dhallly', null, '2016-07-01'),
(792, 100009, 1791, 'DISMISSED', 'Deborah Bennett', 'dbennettlz@nydailynews.com', 'dbennettlz', null, '2017-01-15'),
(793, 100006, 1792, 'NEW', 'Walter Peters', 'wpetersm0@alibaba.com', 'wpetersm0', null, '2017-01-02');

insert into incident (id, policy_id, event_id, status, owner_name, owner_email, platform_user, details, detected_on) values
(794, 100005, 1793, 'RESOLVED', 'Edward Perry', 'eperrym1@furl.net', 'eperrym1', null, '2017-01-05'),
(795, 100010, 1794, 'IN_PROGRESS', 'Ann Mills', 'amillsm2@ihg.com', 'amillsm2', null, '2016-08-27'),
(796, 100003, 1795, 'NEW', 'Martha Edwards', 'medwardsm3@nydailynews.com', 'medwardsm3', null, '2017-01-09'),
(797, 100005, 1796, 'IN_PROGRESS', 'Karen Palmer', 'kpalmerm4@stanford.edu', 'kpalmerm4', null, '2017-01-10'),
(798, 100012, 1797, 'RESOLVED', 'Cheryl Martinez', 'cmartinezm5@w3.org', 'cmartinezm5', null, '2017-01-12'),
(799, 100001, 1798, 'RESOLVED', 'Matthew Brooks', 'mbrooksm6@vk.com', 'mbrooksm6', null, '2017-01-05'),
(800, 100001, 1799, 'RESOLVED', 'Rose Weaver', 'rweaverm7@alexa.com', 'rweaverm7', null, '2016-12-10'),
(801, 100006, 1800, 'NEW', 'Sara Ford', 'sfordm8@pagesperso-orange.fr', 'sfordm8', null, '2017-01-04'),
(802, 100005, 1801, 'DISMISSED', 'Aaron Hall', 'ahallm9@cyberchimps.com', 'ahallm9', null, '2017-01-02'),
(803, 100009, 1802, 'IN_PROGRESS', 'Clarence Reyes', 'creyesma@youtube.com', 'creyesma', null, '2017-01-09'),
(804, 100004, 1803, 'NEW', 'Betty Phillips', 'bphillipsmb@weather.com', 'bphillipsmb', null, '2016-07-28'),
(805, 100004, 1804, 'NEW', 'Victor Lynch', 'vlynchmc@illinois.edu', 'vlynchmc', null, '2017-01-09'),
(806, 100000, 1805, 'IN_PROGRESS', 'Robert Mills', 'rmillsmd@xrea.com', 'rmillsmd', null, '2016-10-01'),
(807, 100000, 1806, 'RESOLVED', 'Stephanie Martin', 'smartinme@japanpost.jp', 'smartinme', null, '2016-12-28'),
(808, 100011, 1807, 'RESOLVED', 'Victor Turner', 'vturnermf@arstechnica.com', 'vturnermf', null, '2017-01-06'),
(809, 100005, 1808, 'IN_PROGRESS', 'Susan Wright', 'swrightmg@harvard.edu', 'swrightmg', null, '2017-01-01'),
(810, 100007, 1809, 'RESOLVED', 'Edward Bradley', 'ebradleymh@theguardian.com', 'ebradleymh', null, '2017-01-04'),
(811, 100011, 1810, 'DISMISSED', 'Andrea Ruiz', 'aruizmi@timesonline.co.uk', 'aruizmi', null, '2017-01-14'),
(812, 100011, 1811, 'DISMISSED', 'Janet Medina', 'jmedinamj@go.com', 'jmedinamj', null, '2017-01-05'),
(813, 100010, 1812, 'IN_PROGRESS', 'Margaret Murphy', 'mmurphymk@buzzfeed.com', 'mmurphymk', null, '2017-01-09'),
(814, 100002, 1813, 'NEW', 'Jimmy Wagner', 'jwagnerml@naver.com', 'jwagnerml', null, '2017-01-02'),
(815, 100006, 1814, 'DISMISSED', 'Fred Harper', 'fharpermm@arizona.edu', 'fharpermm', null, '2017-01-03'),
(816, 100012, 1815, 'IN_PROGRESS', 'Jesse Boyd', 'jboydmn@newyorker.com', 'jboydmn', null, '2016-08-23'),
(817, 100004, 1816, 'NEW', 'Debra Peters', 'dpetersmo@vimeo.com', 'dpetersmo', null, '2016-03-09'),
(818, 100012, 1817, 'IN_PROGRESS', 'Janet Knight', 'jknightmp@msu.edu', 'jknightmp', null, '2016-07-19'),
(819, 100006, 1818, 'IN_PROGRESS', 'Pamela Watkins', 'pwatkinsmq@mediafire.com', 'pwatkinsmq', null, '2017-01-01'),
(820, 100007, 1819, 'RESOLVED', 'Stephanie Brown', 'sbrownmr@homestead.com', 'sbrownmr', null, '2017-01-02'),
(821, 100005, 1820, 'IN_PROGRESS', 'Sean Adams', 'sadamsms@comsenz.com', 'sadamsms', null, '2017-01-08');

insert into incident (id, policy_id, event_id, status, owner_name, owner_email, platform_user, details, detected_on) values
(822, 100004, 1821, 'NEW', 'Nicholas Brooks', 'nbrooksmt@geocities.com', 'nbrooksmt', null, '2017-01-10'),
(823, 100006, 1822, 'NEW', 'Ronald Woods', 'rwoodsmu@statcounter.com', 'rwoodsmu', null, '2017-01-06'),
(824, 100001, 1823, 'NEW', 'Margaret Morales', 'mmoralesmv@feedburner.com', 'mmoralesmv', null, '2017-01-14'),
(825, 100000, 1824, 'IN_PROGRESS', 'Charles Gonzales', 'cgonzalesmw@parallels.com', 'cgonzalesmw', null, '2016-02-08'),
(826, 100011, 1825, 'NEW', 'Donald Scott', 'dscottmx@tmall.com', 'dscottmx', null, '2017-01-06'),
(827, 100011, 1826, 'IN_PROGRESS', 'Dorothy Wells', 'dwellsmy@kickstarter.com', 'dwellsmy', null, '2017-01-06'),
(828, 100002, 1827, 'IN_PROGRESS', 'Robin Porter', 'rportermz@github.io', 'rportermz', null, '2017-01-07'),
(829, 100007, 1828, 'RESOLVED', 'Lisa Chavez', 'lchavezn0@parallels.com', 'lchavezn0', null, '2017-01-16'),
(830, 100012, 1829, 'DISMISSED', 'Juan Morris', 'jmorrisn1@4shared.com', 'jmorrisn1', null, '2017-01-11'),
(831, 100008, 1830, 'NEW', 'Julia Carter', 'jcartern2@hhs.gov', 'jcartern2', null, '2017-01-07'),
(832, 100000, 1831, 'IN_PROGRESS', 'Lois Weaver', 'lweavern3@woothemes.com', 'lweavern3', null, '2016-09-10'),
(833, 100001, 1832, 'IN_PROGRESS', 'Lisa Murray', 'lmurrayn4@tinypic.com', 'lmurrayn4', null, '2017-01-08'),
(834, 100005, 1833, 'DISMISSED', 'Benjamin Crawford', 'bcrawfordn5@friendfeed.com', 'bcrawfordn5', null, '2017-01-10'),
(835, 100005, 1834, 'IN_PROGRESS', 'Brandon Nguyen', 'bnguyenn6@cdc.gov', 'bnguyenn6', null, '2017-01-06'),
(836, 100005, 1835, 'NEW', 'Debra Daniels', 'ddanielsn7@ebay.com', 'ddanielsn7', null, '2017-01-01'),
(837, 100005, 1836, 'DISMISSED', 'Joseph Hill', 'jhilln8@freewebs.com', 'jhilln8', null, '2017-01-06'),
(838, 100010, 1837, 'IN_PROGRESS', 'Denise Clark', 'dclarkn9@ifeng.com', 'dclarkn9', null, '2017-01-07'),
(839, 100009, 1838, 'NEW', 'Amy Ramirez', 'aramirezna@cnn.com', 'aramirezna', null, '2017-01-16'),
(840, 100007, 1839, 'RESOLVED', 'Ralph Harvey', 'rharveynb@elegantthemes.com', 'rharveynb', null, '2017-01-13'),
(841, 100005, 1840, 'NEW', 'Betty Wheeler', 'bwheelernc@vk.com', 'bwheelernc', null, '2017-01-10'),
(842, 100001, 1841, 'NEW', 'Harold Morales', 'hmoralesnd@irs.gov', 'hmoralesnd', null, '2016-06-28'),
(843, 100008, 1842, 'DISMISSED', 'Margaret Ferguson', 'mfergusonne@taobao.com', 'mfergusonne', null, '2017-01-03');

insert into incident (id, policy_id, event_id, status, owner_name, owner_email, platform_user, details, detected_on) values
(844, 100000, 1843, 'RESOLVED', 'Anna Gibson', 'agibsonnf@amazonaws.com', 'agibsonnf', null, '2017-01-13'),
(845, 100001, 1844, 'DISMISSED', 'Mary Dixon', 'mdixonng@msn.com', 'mdixonng', null, '2017-01-09'),
(846, 100010, 1845, 'IN_PROGRESS', 'Randy Lawson', 'rlawsonnh@constantcontact.com', 'rlawsonnh', null, '2016-12-11'),
(847, 100004, 1846, 'DISMISSED', 'Ashley Bradley', 'abradleyni@google.com', 'abradleyni', null, '2017-01-16'),
(848, 100006, 1847, 'RESOLVED', 'Katherine Gonzales', 'kgonzalesnj@google.ru', 'kgonzalesnj', null, '2016-08-29'),
(849, 100000, 1848, 'NEW', 'Anna Wells', 'awellsnk@smh.com.au', 'awellsnk', null, '2016-08-18'),
(850, 100012, 1849, 'IN_PROGRESS', 'Ernest Griffin', 'egriffinnl@yelp.com', 'egriffinnl', null, '2017-01-03'),
(851, 100004, 1850, 'RESOLVED', 'Elizabeth George', 'egeorgenm@nasa.gov', 'egeorgenm', null, '2017-01-07'),
(852, 100006, 1851, 'NEW', 'Evelyn Mcdonald', 'emcdonaldnn@wikia.com', 'emcdonaldnn', null, '2017-01-02'),
(853, 100011, 1852, 'RESOLVED', 'Steve Price', 'spriceno@oakley.com', 'spriceno', null, '2017-01-09'),
(854, 100001, 1853, 'DISMISSED', 'Lillian Lopez', 'llopeznp@ameblo.jp', 'llopeznp', null, '2017-01-07'),
(855, 100008, 1854, 'NEW', 'Jimmy Roberts', 'jrobertsnq@deviantart.com', 'jrobertsnq', null, '2017-01-10'),
(856, 100003, 1855, 'RESOLVED', 'Jimmy Hunt', 'jhuntnr@about.com', 'jhuntnr', null, '2016-02-19'),
(857, 100012, 1856, 'RESOLVED', 'Carolyn Hart', 'chartns@sitemeter.com', 'chartns', null, '2017-01-03'),
(858, 100011, 1857, 'NEW', 'Christine Williams', 'cwilliamsnt@w3.org', 'cwilliamsnt', null, '2016-12-15'),
(859, 100000, 1858, 'DISMISSED', 'Adam Adams', 'aadamsnu@time.com', 'aadamsnu', null, '2017-01-02'),
(860, 100000, 1859, 'RESOLVED', 'Maria Washington', 'mwashingtonnv@fastcompany.com', 'mwashingtonnv', null, '2017-01-15'),
(861, 100000, 1860, 'DISMISSED', 'Walter Holmes', 'wholmesnw@wix.com', 'wholmesnw', null, '2016-12-28'),
(862, 100004, 1861, 'NEW', 'Robert Tucker', 'rtuckernx@redcross.org', 'rtuckernx', null, '2016-09-08'),
(863, 100010, 1862, 'DISMISSED', 'Harry Fields', 'hfieldsny@amazon.co.jp', 'hfieldsny', null, '2016-05-25'),
(864, 100007, 1863, 'IN_PROGRESS', 'Barbara Henry', 'bhenrynz@gov.uk', 'bhenrynz', null, '2017-01-03');

insert into incident (id, policy_id, event_id, status, owner_name, owner_email, platform_user, details, detected_on) values
(865, 100011, 1864, 'NEW', 'Kathryn Williamson', 'kwilliamsono0@wikimedia.org', 'kwilliamsono0', null, '2017-01-09'),
(866, 100007, 1865, 'NEW', 'Diana Ford', 'dfordo1@godaddy.com', 'dfordo1', null, '2016-09-12'),
(867, 100003, 1866, 'DISMISSED', 'Juan Hernandez', 'jhernandezo2@europa.eu', 'jhernandezo2', null, '2017-01-12'),
(868, 100009, 1867, 'IN_PROGRESS', 'Martha Gardner', 'mgardnero3@addthis.com', 'mgardnero3', null, '2017-01-12'),
(869, 100007, 1868, 'NEW', 'Deborah Stewart', 'dstewarto4@globo.com', 'dstewarto4', null, '2017-01-14'),
(870, 100010, 1869, 'RESOLVED', 'Amy Mccoy', 'amccoyo5@altervista.org', 'amccoyo5', null, '2016-06-23'),
(871, 100008, 1870, 'DISMISSED', 'Carolyn Franklin', 'cfranklino6@tumblr.com', 'cfranklino6', null, '2017-01-09'),
(872, 100004, 1871, 'NEW', 'Ruth Montgomery', 'rmontgomeryo7@home.pl', 'rmontgomeryo7', null, '2017-01-02'),
(873, 100006, 1872, 'IN_PROGRESS', 'Lori Boyd', 'lboydo8@nydailynews.com', 'lboydo8', null, '2017-01-09'),
(874, 100005, 1873, 'IN_PROGRESS', 'Jesse Sanders', 'jsanderso9@github.io', 'jsanderso9', null, '2016-12-19'),
(875, 100012, 1874, 'DISMISSED', 'Jose Arnold', 'jarnoldoa@skype.com', 'jarnoldoa', null, '2017-01-10'),
(876, 100007, 1875, 'NEW', 'Lawrence Fuller', 'lfullerob@google.co.uk', 'lfullerob', null, '2016-08-16'),
(877, 100003, 1876, 'NEW', 'Karen Ortiz', 'kortizoc@comcast.net', 'kortizoc', null, '2017-01-01'),
(878, 100004, 1877, 'NEW', 'Gerald Armstrong', 'garmstrongod@amazon.de', 'garmstrongod', null, '2017-01-10'),
(879, 100009, 1878, 'IN_PROGRESS', 'Roger Lawrence', 'rlawrenceoe@sitemeter.com', 'rlawrenceoe', null, '2017-01-13'),
(880, 100010, 1879, 'NEW', 'Brian Campbell', 'bcampbellof@sitemeter.com', 'bcampbellof', null, '2017-01-05'),
(881, 100001, 1880, 'NEW', 'Roger Richards', 'rrichardsog@zimbio.com', 'rrichardsog', null, '2016-10-04'),
(882, 100006, 1881, 'IN_PROGRESS', 'Katherine Vasquez', 'kvasquezoh@hud.gov', 'kvasquezoh', null, '2017-01-03'),
(883, 100004, 1882, 'RESOLVED', 'Maria Gutierrez', 'mgutierrezoi@buzzfeed.com', 'mgutierrezoi', null, '2017-01-01'),
(884, 100007, 1883, 'IN_PROGRESS', 'Louis Boyd', 'lboydoj@gizmodo.com', 'lboydoj', null, '2017-01-01'),
(885, 100000, 1884, 'RESOLVED', 'Sarah Payne', 'spayneok@addtoany.com', 'spayneok', null, '2017-01-09'),
(886, 100006, 1885, 'DISMISSED', 'Michael Gonzalez', 'mgonzalezol@stanford.edu', 'mgonzalezol', null, '2017-01-05'),
(887, 100008, 1886, 'IN_PROGRESS', 'Russell Webb', 'rwebbom@mediafire.com', 'rwebbom', null, '2017-01-08'),
(888, 100009, 1887, 'NEW', 'Christine Henderson', 'chendersonon@storify.com', 'chendersonon', null, '2016-04-17');

insert into incident (id, policy_id, event_id, status, owner_name, owner_email, platform_user, details, detected_on) values
(889, 100004, 1888, 'NEW', 'Ruby Anderson', 'randersonoo@msu.edu', 'randersonoo', null, '2017-01-06'),
(890, 100010, 1889, 'NEW', 'Lori Burke', 'lburkeop@wordpress.org', 'lburkeop', null, '2016-09-09'),
(891, 100004, 1890, 'IN_PROGRESS', 'Roger Young', 'ryoungoq@gnu.org', 'ryoungoq', null, '2017-01-05'),
(892, 100008, 1891, 'RESOLVED', 'Christina Dunn', 'cdunnor@virginia.edu', 'cdunnor', null, '2016-12-22'),
(893, 100011, 1892, 'NEW', 'Jessica Carr', 'jcarros@howstuffworks.com', 'jcarros', null, '2017-01-08'),
(894, 100002, 1893, 'RESOLVED', 'Philip Jacobs', 'pjacobsot@ca.gov', 'pjacobsot', null, '2017-01-05'),
(895, 100006, 1894, 'DISMISSED', 'Stephanie Gutierrez', 'sgutierrezou@w3.org', 'sgutierrezou', null, '2016-08-22'),
(896, 100001, 1895, 'IN_PROGRESS', 'Michelle Mills', 'mmillsov@myspace.com', 'mmillsov', null, '2016-07-21'),
(897, 100001, 1896, 'NEW', 'Denise Warren', 'dwarrenow@newyorker.com', 'dwarrenow', null, '2016-04-17'),
(898, 100010, 1897, 'NEW', 'Shirley Woods', 'swoodsox@friendfeed.com', 'swoodsox', null, '2017-01-11'),
(899, 100009, 1898, 'RESOLVED', 'Mark Robertson', 'mrobertsonoy@illinois.edu', 'mrobertsonoy', null, '2017-01-09'),
(900, 100010, 1899, 'NEW', 'Joyce Stephens', 'jstephensoz@timesonline.co.uk', 'jstephensoz', null, '2017-01-16'),
(901, 100011, 1900, 'DISMISSED', 'David Burns', 'dburnsp0@fastcompany.com', 'dburnsp0', null, '2017-01-09'),
(902, 100011, 1901, 'IN_PROGRESS', 'Ann Hunt', 'ahuntp1@amazon.co.jp', 'ahuntp1', null, '2016-12-18'),
(903, 100010, 1902, 'IN_PROGRESS', 'Kenneth Graham', 'kgrahamp2@gizmodo.com', 'kgrahamp2', null, '2017-01-11'),
(904, 100012, 1903, 'NEW', 'Cynthia Barnes', 'cbarnesp3@linkedin.com', 'cbarnesp3', null, '2017-01-02'),
(905, 100007, 1904, 'RESOLVED', 'Karen Fernandez', 'kfernandezp4@naver.com', 'kfernandezp4', null, '2017-01-05'),
(906, 100000, 1905, 'DISMISSED', 'Katherine Hanson', 'khansonp5@wikispaces.com', 'khansonp5', null, '2017-01-08'),
(907, 100001, 1906, 'RESOLVED', 'Aaron Greene', 'agreenep6@joomla.org', 'agreenep6', null, '2017-01-12'),
(908, 100004, 1907, 'IN_PROGRESS', 'Bruce Bishop', 'bbishopp7@desdev.cn', 'bbishopp7', null, '2017-01-02'),
(909, 100010, 1908, 'IN_PROGRESS', 'Deborah Ryan', 'dryanp8@cornell.edu', 'dryanp8', null, '2017-01-11'),
(910, 100012, 1909, 'NEW', 'Christopher Morrison', 'cmorrisonp9@abc.net.au', 'cmorrisonp9', null, '2017-01-12'),
(911, 100000, 1910, 'RESOLVED', 'Kathy Miller', 'kmillerpa@who.int', 'kmillerpa', null, '2016-09-14'),
(912, 100002, 1911, 'DISMISSED', 'Rebecca Ross', 'rrosspb@whitehouse.gov', 'rrosspb', null, '2017-01-09'),
(913, 100007, 1912, 'NEW', 'Kathy Kelly', 'kkellypc@patch.com', 'kkellypc', null, '2017-01-10'),
(914, 100002, 1913, 'DISMISSED', 'Catherine Arnold', 'carnoldpd@ovh.net', 'carnoldpd', null, '2017-01-05'),
(915, 100005, 1914, 'RESOLVED', 'Frances Cruz', 'fcruzpe@va.gov', 'fcruzpe', null, '2016-12-11'),
(916, 100006, 1915, 'IN_PROGRESS', 'Melissa Banks', 'mbankspf@hhs.gov', 'mbankspf', null, '2016-08-29'),
(917, 100012, 1916, 'DISMISSED', 'Heather Carter', 'hcarterpg@toplist.cz', 'hcarterpg', null, '2017-01-05');

insert into incident (id, policy_id, event_id, status, owner_name, owner_email, platform_user, details, detected_on) values
(918, 100003, 1917, 'NEW', 'Judith George', 'jgeorgeph@craigslist.org', 'jgeorgeph', null, '2017-01-05'),
(919, 100000, 1918, 'IN_PROGRESS', 'Paula Cox', 'pcoxpi@cpanel.net', 'pcoxpi', null, '2017-01-09'),
(920, 100010, 1919, 'NEW', 'Nancy Nichols', 'nnicholspj@smugmug.com', 'nnicholspj', null, '2016-09-12'),
(921, 100001, 1920, 'RESOLVED', 'Evelyn Robertson', 'erobertsonpk@harvard.edu', 'erobertsonpk', null, '2017-01-07'),
(922, 100005, 1921, 'RESOLVED', 'Robin Elliott', 'relliottpl@mtv.com', 'relliottpl', null, '2017-01-01'),
(923, 100007, 1922, 'NEW', 'Chris Grant', 'cgrantpm@discuz.net', 'cgrantpm', null, '2017-01-05'),
(924, 100005, 1923, 'DISMISSED', 'John King', 'jkingpn@reddit.com', 'jkingpn', null, '2016-02-14'),
(925, 100007, 1924, 'IN_PROGRESS', 'Daniel Turner', 'dturnerpo@mozilla.org', 'dturnerpo', null, '2016-12-23'),
(926, 100005, 1925, 'DISMISSED', 'Phillip Sims', 'psimspp@va.gov', 'psimspp', null, '2017-01-11'),
(927, 100003, 1926, 'IN_PROGRESS', 'Carlos Medina', 'cmedinapq@discuz.net', 'cmedinapq', null, '2017-01-15'),
(928, 100012, 1927, 'DISMISSED', 'Lois Foster', 'lfosterpr@fema.gov', 'lfosterpr', null, '2017-01-12'),
(929, 100011, 1928, 'DISMISSED', 'Justin Harrison', 'jharrisonps@miibeian.gov.cn', 'jharrisonps', null, '2016-08-23'),
(930, 100010, 1929, 'IN_PROGRESS', 'Julia Fuller', 'jfullerpt@seesaa.net', 'jfullerpt', null, '2016-07-21'),
(931, 100006, 1930, 'NEW', 'Doris Burke', 'dburkepu@smugmug.com', 'dburkepu', null, '2016-05-21'),
(932, 100009, 1931, 'DISMISSED', 'Jessica Martin', 'jmartinpv@apache.org', 'jmartinpv', null, '2016-10-31'),
(933, 100008, 1932, 'RESOLVED', 'Roger Walker', 'rwalkerpw@ucsd.edu', 'rwalkerpw', null, '2017-01-10'),
(934, 100010, 1933, 'DISMISSED', 'Jesse Freeman', 'jfreemanpx@alibaba.com', 'jfreemanpx', null, '2017-01-12'),
(935, 100004, 1934, 'RESOLVED', 'Nancy Jacobs', 'njacobspy@homestead.com', 'njacobspy', null, '2017-01-13'),
(936, 100004, 1935, 'RESOLVED', 'Elizabeth Stephens', 'estephenspz@weibo.com', 'estephenspz', null, '2017-01-10'),
(937, 100003, 1936, 'NEW', 'Lillian Foster', 'lfosterq0@blinklist.com', 'lfosterq0', null, '2017-01-02'),
(938, 100006, 1937, 'NEW', 'Dorothy Bennett', 'dbennettq1@sfgate.com', 'dbennettq1', null, '2016-12-09'),
(939, 100003, 1938, 'IN_PROGRESS', 'Jerry Kelly', 'jkellyq2@foxnews.com', 'jkellyq2', null, '2016-09-05'),
(940, 100000, 1939, 'NEW', 'Paula Robertson', 'probertsonq3@craigslist.org', 'probertsonq3', null, '2017-01-06'),
(941, 100008, 1940, 'NEW', 'Terry Henry', 'thenryq4@multiply.com', 'thenryq4', null, '2017-01-08'),
(942, 100001, 1941, 'NEW', 'Betty Graham', 'bgrahamq5@wix.com', 'bgrahamq5', null, '2017-01-11'),
(943, 100004, 1942, 'RESOLVED', 'Patrick Carr', 'pcarrq6@economist.com', 'pcarrq6', null, '2016-07-20'),
(944, 100000, 1943, 'NEW', 'Brenda Moore', 'bmooreq7@ezinearticles.com', 'bmooreq7', null, '2017-01-08'),
(945, 100012, 1944, 'RESOLVED', 'Lisa Lopez', 'llopezq8@macromedia.com', 'llopezq8', null, '2017-01-06'),
(946, 100003, 1945, 'DISMISSED', 'Matthew Robertson', 'mrobertsonq9@examiner.com', 'mrobertsonq9', null, '2017-01-07'),
(947, 100007, 1946, 'DISMISSED', 'Martha Montgomery', 'mmontgomeryqa@ocn.ne.jp', 'mmontgomeryqa', null, '2016-05-26'),
(948, 100007, 1947, 'NEW', 'Alice Meyer', 'ameyerqb@upenn.edu', 'ameyerqb', null, '2017-01-07'),
(949, 100012, 1948, 'DISMISSED', 'Tina Ward', 'twardqc@about.com', 'twardqc', null, '2017-01-07'),
(950, 100001, 1949, 'IN_PROGRESS', 'Andrew Little', 'alittleqd@wunderground.com', 'alittleqd', null, '2017-01-11'),
(951, 100008, 1950, 'NEW', 'Shirley Stephens', 'sstephensqe@hatena.ne.jp', 'sstephensqe', null, '2016-10-31'),
(952, 100007, 1951, 'DISMISSED', 'Doris Scott', 'dscottqf@gizmodo.com', 'dscottqf', null, '2017-01-10'),
(953, 100008, 1952, 'IN_PROGRESS', 'Bonnie Henry', 'bhenryqg@tuttocitta.it', 'bhenryqg', null, '2017-01-01'),
(954, 100009, 1953, 'DISMISSED', 'Tina Powell', 'tpowellqh@webnode.com', 'tpowellqh', null, '2016-06-24'),
(955, 100005, 1954, 'NEW', 'Kathleen Lynch', 'klynchqi@yolasite.com', 'klynchqi', null, '2016-04-29');

insert into incident (id, policy_id, event_id, status, owner_name, owner_email, platform_user, details, detected_on) values
(956, 100000, 1955, 'DISMISSED', 'Chris Brooks', 'cbrooksqj@cafepress.com', 'cbrooksqj', null, '2017-01-03'),
(957, 100004, 1956, 'RESOLVED', 'Ryan Reyes', 'rreyesqk@columbia.edu', 'rreyesqk', null, '2017-01-12'),
(958, 100011, 1957, 'RESOLVED', 'Sarah Knight', 'sknightql@gmpg.org', 'sknightql', null, '2016-10-31'),
(959, 100009, 1958, 'DISMISSED', 'Jerry Olson', 'jolsonqm@nytimes.com', 'jolsonqm', null, '2017-01-09'),
(960, 100010, 1959, 'RESOLVED', 'Lisa Ford', 'lfordqn@statcounter.com', 'lfordqn', null, '2017-01-02'),
(961, 100001, 1960, 'RESOLVED', 'Norma Frazier', 'nfrazierqo@multiply.com', 'nfrazierqo', null, '2016-02-13'),
(962, 100007, 1961, 'DISMISSED', 'Denise Dunn', 'ddunnqp@zdnet.com', 'ddunnqp', null, '2017-01-14'),
(963, 100012, 1962, 'IN_PROGRESS', 'Harold Kelley', 'hkelleyqq@devhub.com', 'hkelleyqq', null, '2016-02-09'),
(964, 100011, 1963, 'IN_PROGRESS', 'Debra Mendoza', 'dmendozaqr@arizona.edu', 'dmendozaqr', null, '2017-01-04'),
(965, 100010, 1964, 'DISMISSED', 'Joshua Webb', 'jwebbqs@goo.ne.jp', 'jwebbqs', null, '2017-01-16'),
(966, 100006, 1965, 'NEW', 'Jennifer Ford', 'jfordqt@nifty.com', 'jfordqt', null, '2017-01-09'),
(967, 100012, 1966, 'NEW', 'Clarence Diaz', 'cdiazqu@tripadvisor.com', 'cdiazqu', null, '2016-02-17'),
(968, 100006, 1967, 'DISMISSED', 'Ralph Sullivan', 'rsullivanqv@dmoz.org', 'rsullivanqv', null, '2017-01-11'),
(969, 100006, 1968, 'NEW', 'Mildred Hawkins', 'mhawkinsqw@ycombinator.com', 'mhawkinsqw', null, '2017-01-12'),
(970, 100002, 1969, 'DISMISSED', 'Katherine Cook', 'kcookqx@nih.gov', 'kcookqx', null, '2017-01-02'),
(971, 100011, 1970, 'NEW', 'Christopher Bailey', 'cbaileyqy@linkedin.com', 'cbaileyqy', null, '2017-01-09'),
(972, 100001, 1971, 'DISMISSED', 'Philip Bradley', 'pbradleyqz@cdbaby.com', 'pbradleyqz', null, '2017-01-04'),
(973, 100010, 1972, 'IN_PROGRESS', 'Lillian Williams', 'lwilliamsr0@globo.com', 'lwilliamsr0', null, '2017-01-06'),
(974, 100005, 1973, 'RESOLVED', 'Douglas Romero', 'dromeror1@pagesperso-orange.fr', 'dromeror1', null, '2016-04-29'),
(975, 100003, 1974, 'DISMISSED', 'Catherine Cook', 'ccookr2@bluehost.com', 'ccookr2', null, '2017-01-10'),
(976, 100008, 1975, 'IN_PROGRESS', 'Fred Campbell', 'fcampbellr3@mapquest.com', 'fcampbellr3', null, '2017-01-02'),
(977, 100006, 1976, 'DISMISSED', 'Fred Lewis', 'flewisr4@elpais.com', 'flewisr4', null, '2017-01-02'),
(978, 100005, 1977, 'IN_PROGRESS', 'Albert Dixon', 'adixonr5@de.vu', 'adixonr5', null, '2017-01-02'),
(979, 100001, 1978, 'IN_PROGRESS', 'Sara Fernandez', 'sfernandezr6@ebay.com', 'sfernandezr6', null, '2017-01-10'),
(980, 100009, 1979, 'NEW', 'Ruby Thomas', 'rthomasr7@ox.ac.uk', 'rthomasr7', null, '2016-02-20'),
(981, 100010, 1980, 'IN_PROGRESS', 'Antonio Vasquez', 'avasquezr8@tripadvisor.com', 'avasquezr8', null, '2017-01-02'),
(982, 100000, 1981, 'DISMISSED', 'Sean Hawkins', 'shawkinsr9@go.com', 'shawkinsr9', null, '2016-05-21'),
(983, 100011, 1982, 'NEW', 'Rebecca Evans', 'revansra@npr.org', 'revansra', null, '2016-12-15'),
(984, 100001, 1983, 'IN_PROGRESS', 'Jessica Robinson', 'jrobinsonrb@sohu.com', 'jrobinsonrb', null, '2016-08-17'),
(985, 100005, 1984, 'DISMISSED', 'Jacqueline Romero', 'jromerorc@forbes.com', 'jromerorc', null, '2016-08-28'),
(986, 100004, 1985, 'NEW', 'Karen Palmer', 'kpalmerrd@unc.edu', 'kpalmerrd', null, '2016-12-23'),
(987, 100009, 1986, 'RESOLVED', 'Julie Flores', 'jfloresre@tripadvisor.com', 'jfloresre', null, '2017-01-06');

insert into incident (id, policy_id, event_id, status, owner_name, owner_email, platform_user, details, detected_on) values
(988, 100003, 1987, 'IN_PROGRESS', 'Margaret Ray', 'mrayrf@tripod.com', 'mrayrf', null, '2017-01-11'),
(989, 100010, 1988, 'RESOLVED', 'Shawn Romero', 'sromerorg@patch.com', 'sromerorg', null, '2017-01-11'),
(990, 100010, 1989, 'RESOLVED', 'Henry Riley', 'hrileyrh@cnbc.com', 'hrileyrh', null, '2017-01-10'),
(991, 100000, 1990, 'RESOLVED', 'Jessica Elliott', 'jelliottri@boston.com', 'jelliottri', null, '2017-01-09'),
(992, 100001, 1991, 'NEW', 'Andrew Wood', 'awoodrj@examiner.com', 'awoodrj', null, '2017-01-12'),
(993, 100004, 1992, 'RESOLVED', 'Roy Jordan', 'rjordanrk@delicious.com', 'rjordanrk', null, '2017-01-10'),
(994, 100001, 1993, 'RESOLVED', 'Henry White', 'hwhiterl@loc.gov', 'hwhiterl', null, '2016-09-09'),
(995, 100011, 1994, 'IN_PROGRESS', 'Donald Cook', 'dcookrm@craigslist.org', 'dcookrm', null, '2016-10-05'),
(996, 100007, 1995, 'IN_PROGRESS', 'Bonnie Crawford', 'bcrawfordrn@sbwire.com', 'bcrawfordrn', null, '2017-01-01'),
(997, 100006, 1996, 'RESOLVED', 'Amanda Rose', 'arosero@feedburner.com', 'arosero', null, '2016-01-19'),
(998, 100005, 1997, 'NEW', 'Theresa Burke', 'tburkerp@intel.com', 'tburkerp', null, '2017-01-10'),
(999, 100010, 1998, 'RESOLVED', 'Irene Wilson', 'iwilsonrq@sbwire.com', 'iwilsonrq', null, '2017-01-03'),
(1000, 100005, 1999, 'NEW', 'Shirley Martin', 'smartinrr@goo.gl', 'smartinrr', null, '2017-01-13');
